{"stat.flyOneCm":101605,"stat.walkOneCm":134619,"stat.drop":8,"stat.pickup.minecraft.bone":25,"stat.useItem.minecraft.torch":2,"stat.jump":368,"stat.pickup.veilings.false_egg":4,"stat.playOneMinute":27631,"stat.pickup.minecraft.coal":11,"stat.pickup.minecraft.beef":5,"stat.pickup.minecraft.totem_of_undying":6,"stat.leaveGame":1,"stat.sneakTime":54,"stat.pickup.minecraft.leather":4,"stat.damageDealt":10,"stat.crouchOneCm":149,"stat.pickup.minecraft.stone_sword":1,"stat.timeSinceDeath":27631,"stat.drop.veilings.false_egg":8,"stat.sprintOneCm":54993,"stat.useItem.minecraft.spawn_egg":41,"stat.useItem.minecraft.stone_slab2":2}