{"stat.pickup.minecraft.rotten_flesh":7,"stat.flyOneCm":1004,"stat.walkOneCm":6244,"stat.jump":9,"stat.playOneMinute":1226,"stat.killEntity.veilings.veiling_dramatist":2,"stat.leaveGame":1,"stat.sneakTime":12,"stat.damageDealt":440,"stat.crouchOneCm":149,"stat.timeSinceDeath":1226,"stat.killEntity.veilings.veiling_deft":1,"stat.killEntity.veilings.wicked_veiling_deft":1,"stat.mobKills":5,"stat.useItem.minecraft.stone_slab2":1,"stat.killEntity.veilings.veiling_custodian":1,"stat.useItem.minecraft.diamond_sword":4}