{"stat.chestOpened":31,"stat.walkOneCm":64333,"stat.killEntity.veilings.veiling_dramatist":18,"stat.pickup.minecraft.stick":2,"stat.leaveGame":2,"stat.pickup.minecraft.leather":4,"stat.killEntity.veilings.veiling_deft":23,"stat.mobKills":75,"stat.killEntity.veilings.veiling_custodian":34,"stat.useItem.minecraft.diamond_sword":78,"stat.flyOneCm":43319,"stat.jump":131,"stat.playOneMinute":34735,"stat.pickup.minecraft.beef":13,"stat.sneakTime":254,"stat.damageDealt":5669,"stat.crouchOneCm":402,"stat.timeSinceDeath":34735,"stat.sprintOneCm":12484,"stat.useItem.minecraft.spawn_egg":10,"stat.useItem.minecraft.stone_slab2":4,"stat.pickup.minecraft.gold_ingot":1}