{"stat.walkOneCm":50856,"stat.pickup.minecraft.bone":4,"stat.leaveGame":1,"stat.pickup.minecraft.arrow":5,"stat.mobKills":7,"stat.useItem.minecraft.diamond_sword":7,"stat.killEntity.veilings.veiling":7,"stat.pickup.minecraft.spawn_egg":7,"stat.flyOneCm":13767,"stat.drop":2,"stat.jump":66,"stat.swimOneCm":300,"stat.playOneMinute":12072,"stat.pickup.minecraft.totem_of_undying":1,"stat.sneakTime":40,"stat.damageDealt":330,"stat.crouchOneCm":183,"stat.timeSinceDeath":12072,"stat.sprintOneCm":5536,"stat.useItem.minecraft.spawn_egg":3,"stat.diveOneCm":182}