{"stat.pickup.minecraft.rotten_flesh":5,"stat.pickup.minecraft.record_11":2,"stat.useItem.minecraft.splash_potion":42,"stat.walkOneCm":97355,"stat.recordPlayed":3,"stat.killEntity.veilings.veiling_dramatist":2,"stat.pickup.minecraft.leather":2,"stat.killEntity.veilings.veiling_deft":3,"stat.pickup.minecraft.record_chirp":1,"stat.mobKills":37,"stat.killEntity.veilings.veiling_custodian":2,"stat.killEntity.veilings.wicked_veiling_custodian":16,"stat.useItem.minecraft.diamond_sword":2,"stat.flyOneCm":183114,"stat.jump":369,"stat.swimOneCm":214,"stat.playOneMinute":18824,"stat.pickup.minecraft.beef":3,"stat.killEntity.veilings.wicked_veiling_dramatist":1,"stat.sneakTime":113,"stat.damageDealt":160,"stat.crouchOneCm":573,"stat.timeSinceDeath":18824,"stat.killEntity.veilings.wicked_veiling_deft":13,"stat.sprintOneCm":36786,"stat.useItem.minecraft.stone_slab2":18,"stat.useItem.minecraft.spawn_egg":4}