{"stat.pickup.minecraft.rotten_flesh":16,"stat.useItem.minecraft.splash_potion":15,"stat.walkOneCm":178708,"stat.pickup.minecraft.splash_potion":2,"stat.pickup.minecraft.cake":9,"stat.pickup.minecraft.cookie":1,"stat.pickup.minecraft.iron_axe":6,"stat.useItem.minecraft.egg":15,"stat.useItem.minecraft.snowball":37,"stat.drop.minecraft.rotten_flesh":1,"stat.leaveGame":1,"stat.pickup.minecraft.leather":32,"stat.pickup.minecraft.feather":1,"stat.mobKills":10,"stat.useItem.minecraft.diamond_sword":10,"stat.pickup.minecraft.dye":1,"stat.pickup.veilings.attack_sceptre":4,"stat.killEntity.veilings.veiling":10,"stat.flyOneCm":434813,"stat.pickup.minecraft.diamond_sword":3,"stat.drop":10,"stat.jump":1113,"stat.pickup.minecraft.egg":3,"stat.playOneMinute":58755,"stat.pickup.minecraft.beef":65,"stat.drop.veilings.attack_sceptre":3,"stat.pickup.minecraft.totem_of_undying":2,"stat.drop.minecraft.dye":1,"stat.sneakTime":516,"stat.damageDealt":570,"stat.drop.minecraft.beef":3,"stat.pickup.minecraft.redstone":2,"stat.crouchOneCm":1636,"stat.timeSinceDeath":58755,"stat.pickup.minecraft.snowball":18,"stat.drop.veilings.false_egg":2,"stat.sprintOneCm":104307,"stat.useItem.minecraft.stone_slab2":6,"stat.useItem.minecraft.spawn_egg":52}