{"stat.walkOneCm":99548,"stat.pickup.minecraft.bone":4,"stat.leaveGame":2,"stat.pickup.minecraft.arrow":3,"stat.mobKills":4,"stat.useItem.minecraft.diamond_sword":4,"stat.killEntity.veilings.veiling":4,"stat.flyOneCm":38349,"stat.jump":139,"stat.swimOneCm":146,"stat.playOneMinute":20679,"stat.pickup.minecraft.totem_of_undying":4,"stat.sneakTime":106,"stat.damageDealt":140,"stat.crouchOneCm":641,"stat.timeSinceDeath":20679,"stat.sprintOneCm":22368,"stat.useItem.minecraft.spawn_egg":9,"stat.useItem.minecraft.stone_slab2":5}