{"stat.flyOneCm":422576,"stat.drop.veilings.veiling_essence":4,"stat.walkOneCm":31285,"stat.drop":4,"stat.jump":469,"stat.swimOneCm":285,"stat.playOneMinute":14061,"stat.killEntity.veilings.veiling_dramatist":5,"stat.pickup.veilings.veiling_essence":4,"stat.leaveGame":1,"stat.sneakTime":55,"stat.damageDealt":480,"stat.crouchOneCm":456,"stat.timeSinceDeath":14061,"stat.sprintOneCm":41303,"stat.mobKills":6,"stat.useItem.minecraft.stone_slab2":4,"stat.killEntity.veilings.veiling_custodian":1,"stat.useItem.minecraft.diamond_sword":6}