{"stat.walkOneCm":97302,"stat.pickup.minecraft.cake":3,"stat.leaveGame":2,"stat.killEntity.veilings.veiling_custodian":2,"stat.pickup.minecraft.shield":1,"stat.useItem.minecraft.diamond_sword":7,"stat.pickup.minecraft.wooden_sword":4,"stat.pickup.veilings.attack_sceptre":6,"stat.jump":531,"stat.swimOneCm":282,"stat.pickup.minecraft.beef":41,"stat.crouchOneCm":2696,"stat.killEntity.veilings.wicked_veiling_deft":1,"stat.sprintOneCm":55710,"stat.useItem.minecraft.stone_slab2":4,"stat.killEntity.veilings.veiling_dramatist":3,"stat.pickup.minecraft.leather":20,"stat.killEntity.veilings.veiling_deft":3,"stat.mobKills":22,"stat.flyOneCm":203297,"stat.drop":1,"stat.playOneMinute":26487,"stat.killEntity.MushroomCow":4,"stat.killEntity.veilings.wicked_veiling_dramatist":4,"stat.sneakTime":606,"stat.damageDealt":761,"stat.drop.minecraft.beef":1,"stat.timeSinceDeath":26487}