{"stat.flyOneCm":24243,"stat.useItem.minecraft.splash_potion":82,"stat.pickup.minecraft.diamond_sword":1,"stat.walkOneCm":32139,"stat.jump":43,"stat.playOneMinute":10757,"stat.recordPlayed":2,"stat.pickup.minecraft.cake":2,"stat.killEntity.veilings.veiling_dramatist":3,"stat.killEntity.veilings.wicked_veiling_dramatist":40,"stat.sneakTime":112,"stat.crouchOneCm":387,"stat.timeSinceDeath":10757,"stat.killEntity.veilings.wicked_veiling_deft":79,"stat.sprintOneCm":7894,"stat.mobKills":179,"stat.useItem.minecraft.stone_slab2":4,"stat.pickup.minecraft.record_wait":2,"stat.killEntity.veilings.veiling_custodian":2,"stat.killEntity.veilings.wicked_veiling_custodian":54,"stat.pickup.veilings.attack_sceptre":3}