{
  "minecraft:recipes/decorations/item_frame": {
    "criteria": {
      "has_leather": "2025-11-23 16:36:04 -0800"
    },
    "done": true
  },
  "minecraft:recipes/combat/leather_chestplate": {
    "criteria": {
      "has_leather": "2025-11-23 16:36:04 -0800"
    },
    "done": true
  },
  "minecraft:recipes/decorations/chest": {
    "criteria": {
      "has_lots_of_items": "2025-11-23 17:01:08 -0800"
    },
    "done": true
  },
  "minecraft:adventure/root": {
    "criteria": {
      "killed_something": "2025-11-24 20:54:24 -0800"
    },
    "done": true
  },
  "minecraft:recipes/combat/leather_boots": {
    "criteria": {
      "has_leather": "2025-11-23 16:36:04 -0800"
    },
    "done": true
  },
  "minecraft:recipes/combat/leather_helmet": {
    "criteria": {
      "has_leather": "2025-11-23 16:36:04 -0800"
    },
    "done": true
  },
  "minecraft:adventure/adventuring_time": {
    "criteria": {
      "mushroom_island_shore": "2025-11-23 16:41:30 -0800",
      "mushroom_island": "2025-11-23 16:34:05 -0800"
    },
    "done": false
  },
  "minecraft:recipes/combat/leather_leggings": {
    "criteria": {
      "has_leather": "2025-11-23 16:36:04 -0800"
    },
    "done": true
  },
  "minecraft:husbandry/tame_an_animal": {
    "criteria": {
      "tamed_animal": "2025-11-23 16:34:40 -0800"
    },
    "done": true
  }
}