{
  "minecraft:husbandry/balanced_diet": {
    "criteria": {
      "cooked_beef": "2025-04-27 18:13:04 -0700"
    },
    "done": false
  },
  "minecraft:husbandry/root": {
    "criteria": {
      "consumed_item": "2025-04-27 18:13:04 -0700"
    },
    "done": true
  },
  "minecraft:adventure/root": {
    "criteria": {
      "killed_something": "2025-04-27 18:11:58 -0700"
    },
    "done": true
  },
  "minecraft:recipes/redstone/redstone_lamp": {
    "criteria": {
      "has_glowstone": "2025-04-27 18:09:23 -0700"
    },
    "done": true
  },
  "minecraft:adventure/adventuring_time": {
    "criteria": {
      "mushroom_island": "2025-04-27 18:09:23 -0700"
    },
    "done": false
  }
}