{
  "minecraft:story/obtain_armor": {
    "criteria": {
      "iron_chestplate": "2024-10-29 20:04:22 -0700",
      "iron_helmet": "2024-10-29 20:04:22 -0700"
    },
    "done": true
  },
  "minecraft:story/iron_tools": {
    "criteria": {
      "iron_pickaxe": "2024-10-29 20:04:22 -0700"
    },
    "done": true
  },
  "minecraft:adventure/adventuring_time": {
    "criteria": {
      "ice_flats": "2024-10-29 20:04:22 -0700",
      "frozen_river": "2024-10-29 20:08:56 -0700"
    },
    "done": false
  }
}