{
  "minecraft:story/obtain_armor": {
    "criteria": {
      "iron_chestplate": "2024-10-29 22:06:52 -0700",
      "iron_helmet": "2024-10-29 22:06:52 -0700"
    },
    "done": true
  },
  "minecraft:recipes/misc/bone_meal_from_bone": {
    "criteria": {
      "has_bone": "2024-10-29 22:10:27 -0700"
    },
    "done": true
  },
  "minecraft:husbandry/balanced_diet": {
    "criteria": {
      "cooked_beef": "2024-10-29 22:07:35 -0700"
    },
    "done": false
  },
  "minecraft:story/iron_tools": {
    "criteria": {
      "iron_pickaxe": "2024-10-29 22:06:52 -0700"
    },
    "done": true
  },
  "minecraft:husbandry/root": {
    "criteria": {
      "consumed_item": "2024-10-29 22:07:35 -0700"
    },
    "done": true
  },
  "minecraft:recipes/decorations/chest": {
    "criteria": {
      "has_lots_of_items": "2024-10-29 22:10:27 -0700"
    },
    "done": true
  },
  "minecraft:adventure/root": {
    "criteria": {
      "killed_something": "2024-10-29 22:07:38 -0700"
    },
    "done": true
  },
  "minecraft:adventure/kill_a_mob": {
    "criteria": {
      "stray": "2024-10-29 22:10:26 -0700"
    },
    "done": true
  },
  "minecraft:adventure/kill_all_mobs": {
    "criteria": {
      "stray": "2024-10-29 22:10:26 -0700",
      "zombie_villager": "2024-10-29 22:15:15 -0700",
      "zombie": "2024-10-29 22:12:28 -0700"
    },
    "done": false
  },
  "minecraft:adventure/adventuring_time": {
    "criteria": {
      "ice_flats": "2024-10-29 22:06:52 -0700",
      "frozen_river": "2024-10-29 22:15:00 -0700",
      "ice_mountains": "2024-10-29 22:17:08 -0700"
    },
    "done": false
  }
}