{
  "minecraft:recipes/redstone/stone_button": {
    "criteria": {
      "has_stone": "2024-10-22 14:24:08 -0700"
    },
    "done": true
  },
  "minecraft:recipes/building_blocks/stonebrick": {
    "criteria": {
      "has_stone": "2024-10-22 14:24:08 -0700"
    },
    "done": true
  },
  "minecraft:recipes/building_blocks/stone_slab": {
    "criteria": {
      "has_stone": "2024-10-22 14:24:08 -0700"
    },
    "done": true
  },
  "minecraft:recipes/redstone/stone_pressure_plate": {
    "criteria": {
      "has_stone": "2024-10-22 14:24:08 -0700"
    },
    "done": true
  },
  "minecraft:adventure/adventuring_time": {
    "criteria": {
      "ice_flats": "2024-10-22 14:23:36 -0700",
      "savanna": "2024-10-22 14:23:28 -0700",
      "ice_mountains": "2024-10-22 14:30:57 -0700"
    },
    "done": false
  }
}