{"stat.killEntity.veilings.veiling":24,"stat.flyOneCm":49966,"stat.walkOneCm":63877,"stat.jump":134,"stat.swimOneCm":422,"stat.playOneMinute":8314,"stat.pickup.minecraft.beef":44,"stat.useItem.minecraft.snowball":4,"stat.leaveGame":1,"stat.pickup.minecraft.pumpkin_pie":28,"stat.sneakTime":42,"stat.pickup.minecraft.leather":33,"stat.damageDealt":1927,"stat.crouchOneCm":207,"stat.timeSinceDeath":8314,"stat.sprintOneCm":12590,"stat.mobKills":25,"stat.useItem.minecraft.spawn_egg":10,"stat.diveOneCm":133,"stat.useItem.minecraft.diamond_sword":27}