{"stat.pickup.minecraft.rotten_flesh":2,"stat.drop.minecraft.iron_axe":3,"stat.walkOneCm":75564,"stat.pickup.minecraft.armor_stand":1,"stat.pickup.minecraft.cake":104,"stat.pickup.minecraft.iron_axe":6,"stat.useItem.minecraft.iron_axe":1,"stat.leaveGame":2,"stat.pickup.minecraft.leather":27,"stat.pickup.minecraft.wooden_sword":2,"stat.flyOneCm":112564,"stat.drop":11,"stat.jump":277,"stat.swimOneCm":52,"stat.drop.minecraft.cake":8,"stat.playOneMinute":21503,"stat.fallOneCm":1672,"stat.pickup.minecraft.beef":60,"stat.sneakTime":216,"stat.pickup.minecraft.glowstone_dust":1,"stat.damageDealt":21,"stat.crouchOneCm":1050,"stat.timeSinceDeath":21503,"stat.sprintOneCm":39278,"stat.useItem.minecraft.spawn_egg":26,"stat.useItem.minecraft.stone_slab2":4}