{"stat.pickup.minecraft.rotten_flesh":4,"stat.walkOneCm":21539,"stat.useItem.minecraft.torch":3,"stat.drop.minecraft.rotten_flesh":2,"stat.leaveGame":1,"stat.damageTaken":100,"stat.pickup.creaturesfromdarkness.dream_spine":1,"stat.mineBlock.minecraft.torch":1,"stat.mobKills":4,"stat.useItem.minecraft.diamond_sword":10,"stat.useItem.minecraft.rotten_flesh":2,"stat.flyOneCm":96193,"stat.drop":2,"stat.jump":231,"stat.playOneMinute":7938,"stat.fallOneCm":3673,"stat.pickup.minecraft.torch":1,"stat.useItem.minecraft.cooked_beef":3,"stat.sneakTime":29,"stat.damageDealt":579,"stat.crouchOneCm":264,"stat.timeSinceDeath":7938,"stat.sprintOneCm":29601}