{"stat.walkOneCm":117874,"stat.pickup.minecraft.bone":2,"stat.pickup.minecraft.end_portal_frame":1,"stat.leaveGame":4,"stat.pickup.minecraft.arrow":2,"stat.drop.minecraft.rabbit":1,"stat.mobKills":1,"stat.drop.minecraft.rabbit_hide":2,"stat.flyOneCm":73906,"stat.pickup.minecraft.lever":2,"stat.drop":4,"stat.jump":218,"stat.playOneMinute":14313,"stat.pickup.minecraft.rabbit_hide":2,"stat.useItem.minecraft.milk_bucket":4,"stat.sneakTime":110,"stat.pickup.minecraft.rabbit":1,"stat.damageDealt":18,"stat.crouchOneCm":758,"stat.drop.minecraft.arrow":1,"stat.timeSinceDeath":14313,"stat.sprintOneCm":31538,"stat.useItem.minecraft.stone_slab2":84}