{"stat.flyOneCm":391070,"stat.walkOneCm":75509,"stat.drop":1,"stat.jump":1163,"stat.swimOneCm":739,"stat.playOneMinute":27077,"stat.fallOneCm":19520,"stat.drop.creaturesfromdarkness.dream_spine":1,"stat.useItem.minecraft.cooked_beef":9,"stat.leaveGame":1,"stat.sneakTime":193,"stat.damageTaken":440,"stat.damageDealt":1097,"stat.pickup.creaturesfromdarkness.dream_spine":1,"stat.crouchOneCm":343,"stat.timeSinceDeath":27077,"stat.sprintOneCm":161575,"stat.mobKills":4,"stat.useItem.minecraft.diamond_sword":19}