{"stat.drop.minecraft.ender_chest":2,"stat.flyOneCm":217907,"stat.walkOneCm":20079,"stat.useItem.minecraft.torch":1,"stat.drop":2,"stat.jump":215,"stat.playOneMinute":11024,"stat.pickup.minecraft.torch":2,"stat.useItem.minecraft.milk_bucket":2,"stat.leaveGame":1,"stat.sneakTime":1808,"stat.crouchOneCm":7773,"stat.enderchestOpened":2,"stat.timeSinceDeath":11024,"stat.sprintOneCm":28491,"stat.useItem.minecraft.stone_slab2":49,"stat.pickup.minecraft.ender_chest":1,"stat.useItem.minecraft.potion":2}