{"stat.pickup.minecraft.rotten_flesh":1,"stat.flyOneCm":74232,"stat.walkOneCm":23677,"stat.drop":1,"stat.useItem.minecraft.torch":1,"stat.jump":196,"stat.playOneMinute":9203,"stat.fallOneCm":209,"stat.useItem.creaturesfromdarkness.dream_spine":43,"stat.drop.minecraft.rotten_flesh":1,"stat.sneakTime":31,"stat.killEntity.Villager":5,"stat.damageDealt":1001,"stat.crouchOneCm":77,"stat.timeSinceDeath":9203,"stat.sprintOneCm":28328,"stat.mobKills":5,"stat.useItem.minecraft.spawn_egg":5,"stat.useItem.minecraft.stone_slab2":8}