{
  "minecraft:adventure/root": {
    "criteria": {
      "killed_something": "2025-11-20 21:08:10 -0800"
    },
    "done": true
  },
  "minecraft:adventure/kill_a_mob": {
    "criteria": {
      "zombie": "2025-11-20 21:08:10 -0800"
    },
    "done": true
  },
  "minecraft:adventure/kill_all_mobs": {
    "criteria": {
      "zombie": "2025-11-20 21:08:10 -0800"
    },
    "done": false
  },
  "minecraft:adventure/adventuring_time": {
    "criteria": {
      "mushroom_island_shore": "2025-11-20 21:10:37 -0800",
      "mushroom_island": "2025-11-20 20:48:46 -0800"
    },
    "done": false
  }
}