{"stat.killEntity.veilings.veiling":12,"stat.flyOneCm":52782,"stat.walkOneCm":52976,"stat.drop":1,"stat.pickup.minecraft.bone":1,"stat.jump":123,"stat.playOneMinute":12594,"stat.useItem.minecraft.snowball":75,"stat.drop.veilings.attack_sceptre":1,"stat.leaveGame":1,"stat.sneakTime":61,"stat.pickup.minecraft.feather":12,"stat.damageDealt":660,"stat.crouchOneCm":355,"stat.pickup.minecraft.chicken":9,"stat.pickup.minecraft.stone_sword":1,"stat.timeSinceDeath":12594,"stat.sprintOneCm":17544,"stat.mobKills":12,"stat.useItem.minecraft.spawn_egg":23,"stat.useItem.minecraft.diamond_sword":13,"stat.pickup.veilings.attack_sceptre":1}