{"stat.walkOneCm":96595,"stat.leaveGame":2,"stat.killEntity.veilings.veiling_custodian":5,"stat.useItem.minecraft.diamond_sword":46,"stat.jump":426,"stat.swimOneCm":675,"stat.pickup.minecraft.beef":8,"stat.crouchOneCm":884,"stat.drop.veilings.false_egg":8,"stat.sprintOneCm":34560,"stat.pickup.minecraft.rotten_flesh":3,"stat.pickup.veilings.false_egg":3,"stat.killEntity.veilings.veiling_dramatist":5,"stat.useItem.minecraft.snowball":4,"stat.pickup.minecraft.leather":5,"stat.killEntity.veilings.veiling_deft":34,"stat.mobKills":44,"stat.flyOneCm":143224,"stat.useItem.minecraft.ender_pearl":1,"stat.drop":8,"stat.playOneMinute":19097,"stat.sneakTime":127,"stat.damageDealt":3490,"stat.timeSinceDeath":19097,"stat.useItem.minecraft.spawn_egg":6,"stat.diveOneCm":426}