{"stat.useItem.minecraft.splash_potion":51,"stat.flyOneCm":3488,"stat.walkOneCm":52083,"stat.jump":32,"stat.playOneMinute":19972,"stat.recordPlayed":3,"stat.sneakTime":61,"stat.damageDealt":1070,"stat.crouchOneCm":266,"stat.timeSinceDeath":19972,"stat.killEntity.veilings.veiling_deft":20,"stat.killEntity.veilings.wicked_veiling_deft":16,"stat.mobKills":36,"stat.sprintOneCm":1525,"stat.useItem.minecraft.stone_slab2":3,"stat.pickup.minecraft.record_wait":3,"stat.useItem.minecraft.diamond_sword":14}