{"stat.flyOneCm":81952,"stat.walkOneCm":20426,"stat.jump":41,"stat.playOneMinute":5588,"stat.killEntity.veilings.veiling_dramatist":1,"stat.killEntity.MushroomCow":5,"stat.pickup.minecraft.beef":3,"stat.killEntity.veilings.wicked_veiling_dramatist":2,"stat.sneakTime":129,"stat.crouchOneCm":428,"stat.timeSinceDeath":5588,"stat.killEntity.veilings.veiling_deft":1,"stat.mobKills":11,"stat.sprintOneCm":4741,"stat.useItem.minecraft.stone_slab2":1,"stat.killEntity.veilings.veiling_custodian":1,"stat.killEntity.veilings.wicked_veiling_custodian":1}