{"stat.walkOneCm":32026,"stat.useItem.minecraft.torch":34,"stat.killEntity.veilings.veiling_dramatist":1,"stat.leaveGame":2,"stat.damageTaken":220,"stat.mobKills":46,"stat.killEntity.veilings.veiling_custodian":1,"stat.useItem.minecraft.diamond_sword":25,"stat.flyOneCm":143234,"stat.jump":247,"stat.playOneMinute":12571,"stat.fallOneCm":2746,"stat.useItem.minecraft.cooked_beef":3,"stat.killEntity.veilings.wicked_veiling_dramatist":1,"stat.sneakTime":343,"stat.damageDealt":1042,"stat.crouchOneCm":1700,"stat.timeSinceDeath":12571,"stat.pickup.veilings.spirit_dagger":1,"stat.sprintOneCm":32661,"stat.useItem.minecraft.spawn_egg":70}