{"stat.useItem.minecraft.splash_potion":5,"stat.walkOneCm":157835,"stat.pickup.veilings.false_egg":1,"stat.useItem.minecraft.snowball":295,"stat.leaveGame":4,"stat.pickup.minecraft.pumpkin_pie":445,"stat.pickup.minecraft.leather":5,"stat.mobKills":61,"stat.useItem.minecraft.diamond_sword":62,"stat.killEntity.veilings.veiling":61,"stat.flyOneCm":198080,"stat.useItem.minecraft.ender_pearl":2,"stat.drop":1,"stat.jump":691,"stat.swimOneCm":305,"stat.playOneMinute":31854,"stat.pickup.minecraft.beef":9,"stat.sneakTime":287,"stat.damageDealt":3500,"stat.crouchOneCm":1086,"stat.timeSinceDeath":31854,"stat.drop.veilings.false_egg":1,"stat.sprintOneCm":65341,"stat.useItem.minecraft.spawn_egg":5}