{"stat.chestOpened":1,"stat.flyOneCm":530966,"stat.walkOneCm":81756,"stat.jump":952,"stat.swimOneCm":186,"stat.playOneMinute":26269,"stat.killEntity.MushroomCow":2,"stat.pickup.minecraft.beef":2,"stat.killEntity.veilings.wicked_veiling_dramatist":8,"stat.leaveGame":1,"stat.sneakTime":256,"stat.pickup.minecraft.leather":2,"stat.crouchOneCm":1177,"stat.timeSinceDeath":26269,"stat.pickup.veilings.spirit_dagger":1,"stat.killEntity.veilings.wicked_veiling_deft":5,"stat.sprintOneCm":99037,"stat.mobKills":18,"stat.useItem.minecraft.stone_slab2":1,"stat.killEntity.veilings.wicked_veiling_custodian":2,"stat.pickup.veilings.attack_sceptre":1}