{
  "minecraft:story/obtain_armor": {
    "criteria": {
      "iron_boots": "2024-12-02 19:07:58 -0800",
      "iron_chestplate": "2024-12-02 19:07:58 -0800",
      "iron_leggings": "2024-12-02 19:07:58 -0800",
      "iron_helmet": "2024-12-02 19:07:58 -0800"
    },
    "done": true
  },
  "minecraft:recipes/decorations/chest": {
    "criteria": {
      "has_lots_of_items": "2024-12-02 19:07:58 -0800"
    },
    "done": true
  },
  "minecraft:recipes/redstone/redstone_lamp": {
    "criteria": {
      "has_glowstone": "2024-12-02 19:07:58 -0800"
    },
    "done": true
  },
  "minecraft:adventure/adventuring_time": {
    "criteria": {
      "ocean": "2024-11-03 22:56:52 -0800",
      "desert": "2024-11-29 10:29:08 -0800"
    },
    "done": false
  }
}