{
  "minecraft:story/obtain_armor": {
    "criteria": {
      "iron_boots": "2024-12-14 00:57:35 -0800",
      "iron_chestplate": "2024-12-14 00:57:35 -0800",
      "iron_leggings": "2024-12-14 00:57:35 -0800",
      "iron_helmet": "2024-12-14 00:57:35 -0800"
    },
    "done": true
  },
  "minecraft:recipes/decorations/chest": {
    "criteria": {
      "has_lots_of_items": "2024-12-14 00:57:35 -0800"
    },
    "done": true
  },
  "minecraft:story/shiny_gear": {
    "criteria": {
      "diamond_leggings": "2024-12-14 00:57:35 -0800",
      "diamond_chestplate": "2024-12-14 00:57:35 -0800"
    },
    "done": true
  },
  "minecraft:adventure/root": {
    "criteria": {
      "killed_something": "2024-12-14 00:57:43 -0800"
    },
    "done": true
  },
  "minecraft:adventure/adventuring_time": {
    "criteria": {
      "extreme_hills": "2024-12-14 00:57:35 -0800"
    },
    "done": false
  }
}