{
  "minecraft:story/obtain_armor": {
    "criteria": {
      "iron_boots": "2024-12-06 13:49:58 -0800",
      "iron_chestplate": "2024-12-06 13:49:58 -0800",
      "iron_leggings": "2024-12-06 13:49:58 -0800",
      "iron_helmet": "2024-12-06 13:49:58 -0800"
    },
    "done": true
  },
  "minecraft:husbandry/balanced_diet": {
    "criteria": {
      "cooked_beef": "2024-12-06 13:51:12 -0800"
    },
    "done": false
  },
  "minecraft:husbandry/root": {
    "criteria": {
      "consumed_item": "2024-12-06 13:51:12 -0800"
    },
    "done": true
  },
  "minecraft:recipes/decorations/chest": {
    "criteria": {
      "has_lots_of_items": "2024-12-06 13:49:58 -0800"
    },
    "done": true
  },
  "minecraft:story/shiny_gear": {
    "criteria": {
      "diamond_chestplate": "2024-12-06 13:50:06 -0800"
    },
    "done": true
  },
  "minecraft:adventure/adventuring_time": {
    "criteria": {
      "desert": "2024-12-06 13:49:58 -0800"
    },
    "done": false
  }
}