{
  "minecraft:story/obtain_armor": {
    "criteria": {
      "iron_boots": "2024-12-04 11:31:18 -0800",
      "iron_chestplate": "2024-12-04 11:31:18 -0800",
      "iron_leggings": "2024-12-04 11:31:18 -0800",
      "iron_helmet": "2024-12-04 11:31:18 -0800"
    },
    "done": true
  },
  "minecraft:recipes/misc/bone_meal_from_bone": {
    "criteria": {
      "has_bone": "2024-12-04 11:32:33 -0800"
    },
    "done": true
  },
  "minecraft:recipes/decorations/chest": {
    "criteria": {
      "has_lots_of_items": "2024-12-04 11:31:18 -0800"
    },
    "done": true
  },
  "minecraft:adventure/root": {
    "criteria": {
      "killed_something": "2024-12-04 11:32:46 -0800"
    },
    "done": true
  },
  "minecraft:adventure/adventuring_time": {
    "criteria": {
      "desert_hills": "2024-12-04 11:31:47 -0800",
      "desert": "2024-12-04 11:31:18 -0800"
    },
    "done": false
  }
}