{
  "minecraft:story/obtain_armor": {
    "criteria": {
      "iron_boots": "2024-12-01 23:05:09 -0800",
      "iron_chestplate": "2024-12-01 23:05:09 -0800",
      "iron_leggings": "2024-12-01 23:05:09 -0800",
      "iron_helmet": "2024-12-01 23:05:09 -0800"
    },
    "done": true
  },
  "minecraft:recipes/decorations/chest": {
    "criteria": {
      "has_lots_of_items": "2024-12-01 23:05:09 -0800"
    },
    "done": true
  },
  "minecraft:adventure/adventuring_time": {
    "criteria": {
      "beaches": "2024-12-01 23:05:09 -0800",
      "savanna": "2024-12-01 23:05:29 -0800",
      "savanna_rock": "2024-12-01 23:11:56 -0800",
      "ocean": "2024-12-01 23:14:12 -0800",
      "river": "2024-12-01 23:11:49 -0800"
    },
    "done": false
  }
}