{
  "minecraft:husbandry/root": {
    "criteria": {
      "consumed_item": "2024-12-02 12:15:37 -0800"
    },
    "done": true
  },
  "minecraft:recipes/transportation/dark_oak_boat": {
    "criteria": {
      "entered_water": "2024-12-02 12:26:16 -0800"
    },
    "done": true
  },
  "minecraft:recipes/decorations/chest": {
    "criteria": {
      "has_lots_of_items": "2024-12-02 12:14:22 -0800"
    },
    "done": true
  },
  "minecraft:recipes/transportation/birch_boat": {
    "criteria": {
      "entered_water": "2024-12-02 12:26:16 -0800"
    },
    "done": true
  },
  "minecraft:recipes/transportation/acacia_boat": {
    "criteria": {
      "entered_water": "2024-12-02 12:26:16 -0800"
    },
    "done": true
  },
  "minecraft:story/obtain_armor": {
    "criteria": {
      "iron_boots": "2024-12-02 12:14:22 -0800",
      "iron_chestplate": "2024-12-02 12:14:22 -0800",
      "iron_leggings": "2024-12-02 12:14:22 -0800",
      "iron_helmet": "2024-12-02 12:14:22 -0800"
    },
    "done": true
  },
  "minecraft:husbandry/balanced_diet": {
    "criteria": {
      "cooked_beef": "2024-12-02 12:15:37 -0800"
    },
    "done": false
  },
  "minecraft:adventure/root": {
    "criteria": {
      "killed_something": "2024-12-02 12:15:26 -0800"
    },
    "done": true
  },
  "minecraft:recipes/redstone/redstone_lamp": {
    "criteria": {
      "has_glowstone": "2024-12-02 12:21:45 -0800"
    },
    "done": true
  },
  "minecraft:recipes/transportation/boat": {
    "criteria": {
      "entered_water": "2024-12-02 12:26:16 -0800"
    },
    "done": true
  },
  "minecraft:recipes/transportation/jungle_boat": {
    "criteria": {
      "entered_water": "2024-12-02 12:26:16 -0800"
    },
    "done": true
  },
  "minecraft:recipes/transportation/spruce_boat": {
    "criteria": {
      "entered_water": "2024-12-02 12:26:16 -0800"
    },
    "done": true
  },
  "minecraft:adventure/adventuring_time": {
    "criteria": {
      "beaches": "2024-12-02 12:15:45 -0800",
      "savanna": "2024-12-02 12:14:22 -0800",
      "plains": "2024-12-02 12:15:40 -0800",
      "savanna_rock": "2024-12-02 12:26:52 -0800",
      "ocean": "2024-12-02 12:15:46 -0800",
      "river": "2024-12-02 12:15:43 -0800",
      "desert": "2024-12-02 12:27:23 -0800"
    },
    "done": false
  }
}