{
  "minecraft:recipes/transportation/acacia_boat": {
    "criteria": {
      "entered_water": "2024-11-19 23:18:21 -0800"
    },
    "done": true
  },
  "minecraft:husbandry/root": {
    "criteria": {
      "consumed_item": "2024-11-19 23:21:13 -0800"
    },
    "done": true
  },
  "minecraft:recipes/transportation/dark_oak_boat": {
    "criteria": {
      "entered_water": "2024-11-19 23:18:21 -0800"
    },
    "done": true
  },
  "minecraft:recipes/transportation/birch_boat": {
    "criteria": {
      "entered_water": "2024-11-19 23:18:21 -0800"
    },
    "done": true
  },
  "minecraft:recipes/transportation/boat": {
    "criteria": {
      "entered_water": "2024-11-19 23:18:21 -0800"
    },
    "done": true
  },
  "minecraft:recipes/transportation/jungle_boat": {
    "criteria": {
      "entered_water": "2024-11-19 23:18:21 -0800"
    },
    "done": true
  },
  "minecraft:recipes/transportation/spruce_boat": {
    "criteria": {
      "entered_water": "2024-11-19 23:18:21 -0800"
    },
    "done": true
  },
  "minecraft:adventure/adventuring_time": {
    "criteria": {
      "beaches": "2024-11-19 23:17:43 -0800",
      "desert_hills": "2024-11-19 23:25:45 -0800",
      "forest_hills": "2024-11-19 23:17:21 -0800",
      "plains": "2024-11-19 23:16:35 -0800",
      "river": "2024-11-19 23:25:26 -0800",
      "desert": "2024-11-19 23:20:28 -0800"
    },
    "done": false
  }
}