{
  "minecraft:recipes/redstone/stone_button": {
    "criteria": {
      "has_stone": "2024-12-18 13:58:02 -0800"
    },
    "done": true
  },
  "minecraft:story/obtain_armor": {
    "criteria": {
      "iron_boots": "2024-12-18 13:57:58 -0800",
      "iron_chestplate": "2024-12-18 13:57:58 -0800",
      "iron_leggings": "2024-12-18 13:57:58 -0800",
      "iron_helmet": "2024-12-18 13:57:58 -0800"
    },
    "done": true
  },
  "minecraft:recipes/building_blocks/stonebrick": {
    "criteria": {
      "has_stone": "2024-12-18 13:58:02 -0800"
    },
    "done": true
  },
  "minecraft:recipes/building_blocks/stone_slab": {
    "criteria": {
      "has_stone": "2024-12-18 13:58:02 -0800"
    },
    "done": true
  },
  "minecraft:recipes/decorations/chest": {
    "criteria": {
      "has_lots_of_items": "2024-12-18 13:57:58 -0800"
    },
    "done": true
  },
  "minecraft:story/shiny_gear": {
    "criteria": {
      "diamond_leggings": "2024-12-18 13:57:58 -0800",
      "diamond_chestplate": "2024-12-18 13:57:58 -0800"
    },
    "done": true
  },
  "minecraft:adventure/root": {
    "criteria": {
      "killed_something": "2024-12-18 13:58:18 -0800"
    },
    "done": true
  },
  "minecraft:recipes/redstone/stone_pressure_plate": {
    "criteria": {
      "has_stone": "2024-12-18 13:58:02 -0800"
    },
    "done": true
  },
  "minecraft:adventure/adventuring_time": {
    "criteria": {
      "extreme_hills": "2024-12-18 13:57:58 -0800"
    },
    "done": false
  }
}