{
  "minecraft:husbandry/root": {
    "criteria": {
      "consumed_item": "2024-12-13 23:56:09 -0800"
    },
    "done": true
  },
  "minecraft:recipes/transportation/dark_oak_boat": {
    "criteria": {
      "entered_water": "2024-12-13 23:55:35 -0800"
    },
    "done": true
  },
  "minecraft:recipes/decorations/chest": {
    "criteria": {
      "has_lots_of_items": "2024-12-13 23:55:24 -0800"
    },
    "done": true
  },
  "minecraft:story/shiny_gear": {
    "criteria": {
      "diamond_leggings": "2024-12-13 23:55:24 -0800",
      "diamond_chestplate": "2024-12-13 23:55:24 -0800"
    },
    "done": true
  },
  "minecraft:recipes/transportation/birch_boat": {
    "criteria": {
      "entered_water": "2024-12-13 23:55:35 -0800"
    },
    "done": true
  },
  "minecraft:recipes/transportation/acacia_boat": {
    "criteria": {
      "entered_water": "2024-12-13 23:55:35 -0800"
    },
    "done": true
  },
  "minecraft:story/obtain_armor": {
    "criteria": {
      "iron_boots": "2024-12-13 23:55:24 -0800",
      "iron_chestplate": "2024-12-13 23:55:24 -0800",
      "iron_leggings": "2024-12-13 23:55:24 -0800",
      "iron_helmet": "2024-12-13 23:55:24 -0800"
    },
    "done": true
  },
  "minecraft:husbandry/balanced_diet": {
    "criteria": {
      "cooked_beef": "2024-12-13 23:56:09 -0800"
    },
    "done": false
  },
  "minecraft:adventure/root": {
    "criteria": {
      "killed_something": "2024-12-13 23:58:54 -0800"
    },
    "done": true
  },
  "minecraft:recipes/transportation/boat": {
    "criteria": {
      "entered_water": "2024-12-13 23:55:35 -0800"
    },
    "done": true
  },
  "minecraft:recipes/transportation/jungle_boat": {
    "criteria": {
      "entered_water": "2024-12-13 23:55:35 -0800"
    },
    "done": true
  },
  "minecraft:recipes/transportation/spruce_boat": {
    "criteria": {
      "entered_water": "2024-12-13 23:55:35 -0800"
    },
    "done": true
  },
  "minecraft:adventure/adventuring_time": {
    "criteria": {
      "forest": "2024-12-13 23:59:17 -0800",
      "forest_hills": "2024-12-13 23:57:03 -0800",
      "plains": "2024-12-13 23:55:36 -0800",
      "extreme_hills": "2024-12-14 00:00:57 -0800",
      "river": "2024-12-13 23:55:34 -0800",
      "desert": "2024-12-13 23:55:24 -0800"
    },
    "done": false
  }
}