{
  "minecraft:story/obtain_armor": {
    "criteria": {
      "iron_boots": "2024-12-04 11:54:02 -0800",
      "iron_chestplate": "2024-12-04 11:54:02 -0800",
      "iron_leggings": "2024-12-04 11:54:02 -0800",
      "iron_helmet": "2024-12-04 11:54:02 -0800"
    },
    "done": true
  },
  "minecraft:husbandry/root": {
    "criteria": {
      "consumed_item": "2024-12-04 11:57:55 -0800"
    },
    "done": true
  },
  "minecraft:recipes/decorations/chest": {
    "criteria": {
      "has_lots_of_items": "2024-12-04 11:54:02 -0800"
    },
    "done": true
  },
  "minecraft:adventure/adventuring_time": {
    "criteria": {
      "desert": "2024-12-04 11:54:02 -0800"
    },
    "done": false
  }
}