{
  "minecraft:story/obtain_armor": {
    "criteria": {
      "iron_boots": "2024-12-05 01:06:04 -0800",
      "iron_chestplate": "2024-12-05 01:06:04 -0800",
      "iron_leggings": "2024-12-05 01:06:04 -0800",
      "iron_helmet": "2024-12-05 01:06:04 -0800"
    },
    "done": true
  },
  "minecraft:recipes/misc/bone_meal_from_bone": {
    "criteria": {
      "has_bone": "2024-12-05 01:07:34 -0800"
    },
    "done": true
  },
  "minecraft:recipes/decorations/chest": {
    "criteria": {
      "has_lots_of_items": "2024-12-05 01:06:04 -0800"
    },
    "done": true
  },
  "minecraft:adventure/root": {
    "criteria": {
      "killed_something": "2024-12-05 01:07:32 -0800"
    },
    "done": true
  },
  "minecraft:adventure/kill_a_mob": {
    "criteria": {
      "skeleton": "2024-12-05 01:07:32 -0800"
    },
    "done": true
  },
  "minecraft:adventure/kill_all_mobs": {
    "criteria": {
      "skeleton": "2024-12-05 01:07:32 -0800"
    },
    "done": false
  },
  "minecraft:adventure/adventuring_time": {
    "criteria": {
      "desert": "2024-12-05 01:06:04 -0800"
    },
    "done": false
  }
}