{
  "minecraft:story/obtain_armor": {
    "criteria": {
      "iron_boots": "2024-12-06 13:40:10 -0800",
      "iron_chestplate": "2024-12-06 13:40:10 -0800",
      "iron_leggings": "2024-12-06 13:40:10 -0800",
      "iron_helmet": "2024-12-06 13:40:10 -0800"
    },
    "done": true
  },
  "minecraft:husbandry/balanced_diet": {
    "criteria": {
      "cooked_beef": "2024-12-06 13:40:40 -0800"
    },
    "done": false
  },
  "minecraft:husbandry/root": {
    "criteria": {
      "consumed_item": "2024-12-06 13:40:40 -0800"
    },
    "done": true
  },
  "minecraft:recipes/decorations/chest": {
    "criteria": {
      "has_lots_of_items": "2024-12-06 13:40:10 -0800"
    },
    "done": true
  },
  "minecraft:adventure/root": {
    "criteria": {
      "killed_by_something": "2024-12-06 13:42:16 -0800"
    },
    "done": true
  },
  "minecraft:adventure/adventuring_time": {
    "criteria": {
      "desert_hills": "2024-12-06 13:41:43 -0800",
      "plains": "2024-12-06 13:42:19 -0800",
      "river": "2024-12-06 13:42:21 -0800",
      "desert": "2024-12-06 13:40:10 -0800"
    },
    "done": false
  }
}