{
  "minecraft:story/obtain_armor": {
    "criteria": {
      "iron_boots": "2024-12-02 21:26:30 -0800",
      "iron_chestplate": "2024-12-02 21:26:30 -0800",
      "iron_leggings": "2024-12-02 21:26:30 -0800",
      "iron_helmet": "2024-12-02 21:26:30 -0800"
    },
    "done": true
  },
  "minecraft:recipes/decorations/chest": {
    "criteria": {
      "has_lots_of_items": "2024-12-02 21:26:30 -0800"
    },
    "done": true
  },
  "minecraft:recipes/redstone/redstone_lamp": {
    "criteria": {
      "has_glowstone": "2024-12-02 21:26:30 -0800"
    },
    "done": true
  },
  "minecraft:adventure/adventuring_time": {
    "criteria": {
      "beaches": "2024-12-02 21:26:39 -0800",
      "desert": "2024-12-02 21:26:30 -0800"
    },
    "done": false
  }
}