{
  "minecraft:story/obtain_armor": {
    "criteria": {
      "iron_boots": "2024-12-03 11:52:48 -0800",
      "iron_chestplate": "2024-12-03 11:52:48 -0800",
      "iron_leggings": "2024-12-03 11:52:48 -0800",
      "iron_helmet": "2024-12-03 11:52:48 -0800"
    },
    "done": true
  },
  "minecraft:recipes/misc/bone_meal_from_bone": {
    "criteria": {
      "has_bone": "2024-12-03 12:00:51 -0800"
    },
    "done": true
  },
  "minecraft:recipes/redstone/dispenser": {
    "criteria": {
      "has_bow": "2024-12-03 12:00:51 -0800"
    },
    "done": true
  },
  "minecraft:husbandry/balanced_diet": {
    "criteria": {
      "cooked_beef": "2024-12-03 12:00:40 -0800"
    },
    "done": false
  },
  "minecraft:husbandry/root": {
    "criteria": {
      "consumed_item": "2024-12-03 12:00:40 -0800"
    },
    "done": true
  },
  "minecraft:recipes/decorations/chest": {
    "criteria": {
      "has_lots_of_items": "2024-12-03 11:52:48 -0800"
    },
    "done": true
  },
  "minecraft:adventure/root": {
    "criteria": {
      "killed_something": "2024-12-03 11:53:33 -0800"
    },
    "done": true
  },
  "minecraft:recipes/redstone/redstone_lamp": {
    "criteria": {
      "has_glowstone": "2024-12-03 11:52:48 -0800"
    },
    "done": true
  },
  "minecraft:adventure/kill_a_mob": {
    "criteria": {
      "skeleton": "2024-12-03 11:59:54 -0800"
    },
    "done": true
  },
  "minecraft:adventure/kill_all_mobs": {
    "criteria": {
      "skeleton": "2024-12-03 11:59:54 -0800",
      "spider": "2024-12-03 11:59:58 -0800"
    },
    "done": false
  },
  "minecraft:adventure/adventuring_time": {
    "criteria": {
      "desert_hills": "2024-12-03 12:01:33 -0800",
      "savanna": "2024-12-03 11:54:56 -0800",
      "desert": "2024-12-03 11:52:48 -0800"
    },
    "done": false
  }
}