{
  "minecraft:recipes/transportation/acacia_boat": {
    "criteria": {
      "entered_water": "2024-11-03 20:37:17 -0800"
    },
    "done": true
  },
  "minecraft:recipes/misc/bone_meal_from_bone": {
    "criteria": {
      "has_bone": "2024-11-03 20:41:12 -0800"
    },
    "done": true
  },
  "minecraft:recipes/transportation/dark_oak_boat": {
    "criteria": {
      "entered_water": "2024-11-03 20:37:17 -0800"
    },
    "done": true
  },
  "minecraft:recipes/transportation/birch_boat": {
    "criteria": {
      "entered_water": "2024-11-03 20:37:17 -0800"
    },
    "done": true
  },
  "minecraft:recipes/redstone/repeater": {
    "criteria": {
      "has_redstone_torch": "2024-11-03 20:40:58 -0800"
    },
    "done": true
  },
  "minecraft:recipes/transportation/boat": {
    "criteria": {
      "entered_water": "2024-11-03 20:37:17 -0800"
    },
    "done": true
  },
  "minecraft:recipes/transportation/jungle_boat": {
    "criteria": {
      "entered_water": "2024-11-03 20:37:17 -0800"
    },
    "done": true
  },
  "minecraft:recipes/transportation/spruce_boat": {
    "criteria": {
      "entered_water": "2024-11-03 20:37:17 -0800"
    },
    "done": true
  },
  "minecraft:adventure/adventuring_time": {
    "criteria": {
      "forest": "2024-11-03 20:38:48 -0800",
      "deep_ocean": "2024-11-03 20:38:40 -0800",
      "beaches": "2024-11-03 20:37:17 -0800",
      "savanna": "2024-11-03 20:38:01 -0800",
      "plains": "2024-11-03 20:36:48 -0800",
      "ocean": "2024-11-03 20:38:03 -0800",
      "river": "2024-11-03 20:37:18 -0800",
      "desert": "2024-11-03 20:37:33 -0800"
    },
    "done": false
  }
}