{
  "minecraft:story/obtain_armor": {
    "criteria": {
      "iron_boots": "2024-12-06 18:39:16 -0800",
      "iron_chestplate": "2024-12-06 18:39:16 -0800",
      "iron_leggings": "2024-12-06 18:39:16 -0800",
      "iron_helmet": "2024-12-06 18:39:16 -0800"
    },
    "done": true
  },
  "minecraft:husbandry/balanced_diet": {
    "criteria": {
      "cooked_beef": "2024-12-06 18:39:46 -0800"
    },
    "done": false
  },
  "minecraft:husbandry/root": {
    "criteria": {
      "consumed_item": "2024-12-06 18:39:46 -0800"
    },
    "done": true
  },
  "minecraft:recipes/decorations/chest": {
    "criteria": {
      "has_lots_of_items": "2024-12-06 18:39:16 -0800"
    },
    "done": true
  },
  "minecraft:story/shiny_gear": {
    "criteria": {
      "diamond_leggings": "2024-12-06 18:39:16 -0800",
      "diamond_chestplate": "2024-12-06 18:39:16 -0800"
    },
    "done": true
  },
  "minecraft:adventure/root": {
    "criteria": {
      "killed_something": "2024-12-06 18:39:57 -0800"
    },
    "done": true
  },
  "minecraft:adventure/kill_a_mob": {
    "criteria": {
      "creeper": "2024-12-06 18:39:57 -0800"
    },
    "done": true
  },
  "minecraft:adventure/kill_all_mobs": {
    "criteria": {
      "creeper": "2024-12-06 18:39:57 -0800"
    },
    "done": false
  },
  "minecraft:adventure/adventuring_time": {
    "criteria": {
      "desert": "2024-12-06 18:39:16 -0800"
    },
    "done": false
  }
}