{
  "minecraft:story/obtain_armor": {
    "criteria": {
      "iron_boots": "2024-12-02 23:07:33 -0800",
      "iron_chestplate": "2024-12-02 23:07:33 -0800",
      "iron_leggings": "2024-12-02 23:07:33 -0800",
      "iron_helmet": "2024-12-02 23:07:33 -0800"
    },
    "done": true
  },
  "minecraft:husbandry/balanced_diet": {
    "criteria": {
      "cooked_beef": "2024-12-02 23:09:32 -0800"
    },
    "done": false
  },
  "minecraft:husbandry/root": {
    "criteria": {
      "consumed_item": "2024-12-02 23:09:32 -0800"
    },
    "done": true
  },
  "minecraft:recipes/decorations/chest": {
    "criteria": {
      "has_lots_of_items": "2024-12-02 23:07:33 -0800"
    },
    "done": true
  },
  "minecraft:adventure/root": {
    "criteria": {
      "killed_something": "2024-12-02 23:08:47 -0800"
    },
    "done": true
  },
  "minecraft:recipes/redstone/redstone_lamp": {
    "criteria": {
      "has_glowstone": "2024-12-02 23:07:33 -0800"
    },
    "done": true
  },
  "minecraft:adventure/adventuring_time": {
    "criteria": {
      "beaches": "2024-12-02 23:09:32 -0800",
      "plains": "2024-12-02 23:10:36 -0800",
      "ocean": "2024-12-02 23:10:39 -0800",
      "river": "2024-12-02 23:10:33 -0800",
      "desert": "2024-12-02 23:07:33 -0800"
    },
    "done": false
  }
}