{"stat.flyOneCm":132403,"stat.walkOneCm":23055,"stat.useItem.minecraft.torch":34,"stat.jump":214,"stat.playOneMinute":10761,"stat.fallOneCm":2746,"stat.useItem.minecraft.cooked_beef":3,"stat.leaveGame":1,"stat.sneakTime":321,"stat.damageTaken":220,"stat.damageDealt":1042,"stat.pickup.creaturesfromdarkness.dream_spine":1,"stat.killEntity.creaturesfromdarkness.nightmare":1,"stat.crouchOneCm":1473,"stat.timeSinceDeath":10761,"stat.sprintOneCm":28922,"stat.mobKills":43,"stat.useItem.minecraft.spawn_egg":70,"stat.useItem.minecraft.diamond_sword":25,"stat.killEntity.creaturesfromdarkness.shadow":42}