{"stat.pickup.minecraft.rotten_flesh":143,"stat.killEntity.veilings.veiling":1,"stat.flyOneCm":57735,"stat.walkOneCm":72060,"stat.jump":152,"stat.swimOneCm":143,"stat.playOneMinute":22411,"stat.pickup.minecraft.cake":13,"stat.pickup.minecraft.beef":16,"stat.leaveGame":1,"stat.sneakTime":349,"stat.pickup.minecraft.leather":5,"stat.damageDealt":70,"stat.crouchOneCm":1022,"stat.timeSinceDeath":22411,"stat.sprintOneCm":12744,"stat.mobKills":1,"stat.useItem.minecraft.spawn_egg":28,"stat.useItem.minecraft.stone_slab2":4,"stat.useItem.minecraft.diamond_sword":1,"stat.pickup.minecraft.wooden_sword":4}