{"stat.walkOneCm":79014,"stat.useItem.minecraft.torch":3,"stat.drop.minecraft.rotten_flesh":2,"stat.leaveGame":1,"stat.useItem.minecraft.diamond_sword":15,"stat.killEntity.veilings.veiling":5,"stat.useItem.minecraft.rotten_flesh":2,"stat.jump":317,"stat.fallOneCm":3673,"stat.crouchOneCm":390,"stat.sprintOneCm":36679,"stat.useItem.minecraft.stone_slab2":253,"stat.pickup.minecraft.rotten_flesh":4,"stat.useItem.minecraft.snowball":213,"stat.damageTaken":100,"stat.mineBlock.minecraft.torch":1,"stat.mobKills":9,"stat.flyOneCm":115859,"stat.drop":2,"stat.playOneMinute":14184,"stat.pickup.minecraft.torch":1,"stat.useItem.minecraft.cooked_beef":3,"stat.sneakTime":49,"stat.damageDealt":879,"stat.timeSinceDeath":14184}