{"stat.pickup.minecraft.rotten_flesh":18,"stat.walkOneCm":70894,"stat.killEntity.veilings.veiling_dramatist":1,"stat.leaveGame":2,"stat.pickup.minecraft.leather":3,"stat.mobKills":12,"stat.flyOneCm":181335,"stat.drop":1,"stat.jump":73,"stat.playOneMinute":12124,"stat.pickup.minecraft.beef":7,"stat.killEntity.MushroomCow":1,"stat.sneakTime":160,"stat.crouchOneCm":245,"stat.killEntity.Zombie":6,"stat.timeSinceDeath":12124,"stat.drop.veilings.false_egg":1,"stat.sprintOneCm":9171,"stat.useItem.minecraft.spawn_egg":15}