{
  "minecraft:recipes/building_blocks/snow": {
    "criteria": {
      "has_snowball": "2025-11-22 17:42:06 -0800"
    },
    "done": true
  },
  "minecraft:recipes/food/cake": {
    "criteria": {
      "has_egg": "2025-11-22 17:42:05 -0800"
    },
    "done": true
  },
  "minecraft:recipes/decorations/snow_layer": {
    "criteria": {
      "has_snowball": "2025-11-22 17:42:06 -0800"
    },
    "done": true
  },
  "minecraft:adventure/adventuring_time": {
    "criteria": {
      "mushroom_island": "2025-11-22 17:41:59 -0800"
    },
    "done": false
  },
  "minecraft:husbandry/tame_an_animal": {
    "criteria": {
      "tamed_animal": "2025-11-22 17:42:12 -0800"
    },
    "done": true
  }
}