{
  "minecraft:adventure/root": {
    "criteria": {
      "killed_something": "2025-12-02 12:05:33 -0800"
    },
    "done": true
  },
  "minecraft:adventure/adventuring_time": {
    "criteria": {
      "mushroom_island_shore": "2025-11-30 09:35:02 -0800",
      "mushroom_island": "2025-11-30 09:28:43 -0800"
    },
    "done": false
  },
  "minecraft:story/root": {
    "criteria": {
      "crafting_table": "2025-11-30 09:28:43 -0800"
    },
    "done": true
  },
  "minecraft:husbandry/tame_an_animal": {
    "criteria": {
      "tamed_animal": "2025-11-30 09:29:42 -0800"
    },
    "done": true
  }
}