{
  "minecraft:adventure/root": {
    "criteria": {
      "killed_something": "2025-11-30 09:39:47 -0800"
    },
    "done": true
  },
  "minecraft:adventure/adventuring_time": {
    "criteria": {
      "mushroom_island": "2025-11-30 09:38:01 -0800"
    },
    "done": false
  },
  "minecraft:husbandry/tame_an_animal": {
    "criteria": {
      "tamed_animal": "2025-11-30 09:40:45 -0800"
    },
    "done": true
  },
  "minecraft:story/root": {
    "criteria": {
      "crafting_table": "2025-11-30 09:38:01 -0800"
    },
    "done": true
  }
}