{"stat.useItem.minecraft.splash_potion":161,"stat.walkOneCm":211578,"stat.pickup.minecraft.splash_potion":1,"stat.pickup.minecraft.stick":2,"stat.useItem.minecraft.snowball":44,"stat.leaveGame":1,"stat.pickup.minecraft.leather":37,"stat.mobKills":149,"stat.useItem.minecraft.diamond_sword":47,"stat.pickup.veilings.attack_sceptre":21,"stat.killEntity.veilings.veiling":146,"stat.flyOneCm":110582,"stat.pickup.minecraft.diamond_sword":4,"stat.pickup.minecraft.snow_layer":5,"stat.drop":4,"stat.jump":370,"stat.swimOneCm":2532,"stat.playOneMinute":32880,"stat.fallOneCm":418,"stat.pickup.minecraft.beef":47,"stat.drop.veilings.attack_sceptre":3,"stat.pickup.minecraft.totem_of_undying":1,"stat.sneakTime":190,"stat.pickup.minecraft.slime_ball":39,"stat.damageDealt":4186,"stat.pickup.minecraft.porkchop":78,"stat.pickup.minecraft.gunpowder":2,"stat.crouchOneCm":1554,"stat.useItem.minecraft.snow_layer":124,"stat.pickup.minecraft.nether_star":2,"stat.timeSinceDeath":32880,"stat.pickup.minecraft.snowball":368,"stat.drop.veilings.false_egg":1,"stat.sprintOneCm":75798,"stat.useItem.minecraft.spawn_egg":43,"stat.useItem.minecraft.stone_slab2":150,"stat.diveOneCm":2663,"stat.useItem.minecraft.water_bucket":1}