{
  "minecraft:recipes/transportation/acacia_boat": {
    "criteria": {
      "entered_water": "2025-11-12 23:27:16 -0800"
    },
    "done": true
  },
  "minecraft:recipes/transportation/dark_oak_boat": {
    "criteria": {
      "entered_water": "2025-11-12 23:27:16 -0800"
    },
    "done": true
  },
  "minecraft:adventure/root": {
    "criteria": {
      "killed_something": "2025-11-12 23:24:10 -0800"
    },
    "done": true
  },
  "minecraft:recipes/transportation/birch_boat": {
    "criteria": {
      "entered_water": "2025-11-12 23:27:16 -0800"
    },
    "done": true
  },
  "minecraft:recipes/transportation/boat": {
    "criteria": {
      "entered_water": "2025-11-12 23:27:16 -0800"
    },
    "done": true
  },
  "minecraft:recipes/transportation/jungle_boat": {
    "criteria": {
      "entered_water": "2025-11-12 23:27:16 -0800"
    },
    "done": true
  },
  "minecraft:recipes/transportation/spruce_boat": {
    "criteria": {
      "entered_water": "2025-11-12 23:27:16 -0800"
    },
    "done": true
  },
  "minecraft:adventure/adventuring_time": {
    "criteria": {
      "mushroom_island_shore": "2025-11-12 23:22:58 -0800",
      "mushroom_island": "2025-11-12 23:22:37 -0800"
    },
    "done": false
  },
  "minecraft:husbandry/tame_an_animal": {
    "criteria": {
      "tamed_animal": "2025-11-12 23:23:07 -0800"
    },
    "done": true
  }
}