{"stat.pickup.minecraft.rotten_flesh":4,"stat.walkOneCm":47492,"stat.useItem.minecraft.torch":20,"stat.useItem.minecraft.snowball":1,"stat.drop.minecraft.rotten_flesh":3,"stat.leaveGame":1,"stat.damageTaken":325,"stat.killEntity.Spider":3,"stat.mineBlock.minecraft.torch":1,"stat.mobKills":11,"stat.useItem.minecraft.diamond_sword":70,"stat.useItem.minecraft.potion":1,"stat.pickup.minecraft.string":1,"stat.flyOneCm":68955,"stat.drop":3,"stat.jump":100,"stat.playOneMinute":10523,"stat.fallOneCm":1372,"stat.pickup.minecraft.torch":1,"stat.useItem.minecraft.cooked_beef":3,"stat.sneakTime":97,"stat.damageDealt":3471,"stat.crouchOneCm":150,"stat.killEntity.Zombie":4,"stat.timeSinceDeath":10523,"stat.pickup.minecraft.spider_eye":2,"stat.pickup.minecraft.snowball":1,"stat.sprintOneCm":14817,"stat.useItem.minecraft.stone_slab2":12}