{"stat.walkOneCm":69720,"stat.useItem.minecraft.torch":6,"stat.pickup.minecraft.redstone_torch":2,"stat.pickup.minecraft.potion":1,"stat.leaveGame":2,"stat.mobKills":4,"stat.useItem.minecraft.potion":1,"stat.flyOneCm":498622,"stat.jump":980,"stat.playOneMinute":30725,"stat.useItem.minecraft.wooden_sword":3,"stat.pickup.minecraft.torch":31,"stat.sneakTime":246,"stat.damageDealt":170,"stat.crouchOneCm":651,"stat.timeSinceDeath":30725,"stat.sprintOneCm":87379,"stat.useItem.minecraft.stone_slab2":120}