{"stat.pickup.minecraft.rotten_flesh":4,"stat.pickup.minecraft.record_13":1,"stat.pickup.minecraft.record_11":1,"stat.walkOneCm":43027,"stat.pickup.minecraft.bone":2,"stat.entityKilledBy.Stray":1,"stat.useItem.minecraft.iron_sword":3,"stat.pickup.minecraft.iron_axe":1,"stat.useItem.minecraft.iron_axe":20,"stat.leaveGame":1,"stat.pickup.minecraft.arrow":6,"stat.pickup.minecraft.iron_sword":1,"stat.damageTaken":255,"stat.killEntity.Spider":2,"stat.killEntity.ZombieVillager":2,"stat.mobKills":11,"stat.killEntity.Creeper":2,"stat.useItem.minecraft.diamond_sword":12,"stat.pickup.minecraft.string":2,"stat.flyOneCm":68635,"stat.deaths":1,"stat.jump":120,"stat.playOneMinute":8480,"stat.pickup.minecraft.iron_helmet":1,"stat.fallOneCm":418,"stat.pickup.minecraft.iron_pickaxe":1,"stat.useItem.minecraft.cooked_beef":1,"stat.useItem.minecraft.milk_bucket":1,"stat.sneakTime":95,"stat.damageDealt":2279,"stat.pickup.minecraft.gunpowder":3,"stat.crouchOneCm":319,"stat.killEntity.Zombie":1,"stat.timeSinceDeath":2509,"stat.pickup.minecraft.snowball":31,"stat.pickup.minecraft.yellow_flower":3,"stat.pickup.minecraft.dirt":13,"stat.sprintOneCm":25648,"stat.useItem.minecraft.stone_slab2":90,"stat.pickup.minecraft.iron_chestplate":1,"stat.pickup.minecraft.cooked_beef":29,"stat.killEntity.Stray":3,"stat.pickup.minecraft.iron_ore":8}