{"stat.walkOneCm":74072,"stat.useItem.minecraft.torch":41,"stat.leaveGame":2,"stat.pickup.minecraft.carpet":3,"stat.useItem.minecraft.diamond_sword":15,"stat.useItem.minecraft.carpet":2,"stat.jump":189,"stat.fallOneCm":1105,"stat.crouchOneCm":278,"stat.sprintOneCm":28326,"stat.useItem.minecraft.stone_slab2":5,"stat.pickup.minecraft.iron_ore":8,"stat.useItem.minecraft.iron_ore":15,"stat.mineBlock.minecraft.torch":11,"stat.mobKills":24,"stat.flyOneCm":128252,"stat.playOneMinute":15988,"stat.useItem.minecraft.wooden_sword":3,"stat.pickup.minecraft.torch":30,"stat.sneakTime":135,"stat.damageDealt":1090,"stat.mineBlock.minecraft.iron_ore":8,"stat.killEntity.Zombie":1,"stat.timeSinceDeath":15988,"stat.useItem.minecraft.wooden_axe":2,"stat.useItem.minecraft.iron_pickaxe":8}