{"stat.walkOneCm":52744,"stat.useItem.minecraft.torch":49,"stat.leaveGame":1,"stat.useItem.minecraft.iron_ore":21,"stat.mobKills":5,"stat.pickup.minecraft.cobblestone":1,"stat.mineBlock.minecraft.coal_ore":1,"stat.flyOneCm":37895,"stat.jump":66,"stat.playOneMinute":10113,"stat.pickup.minecraft.coal":1,"stat.useItem.minecraft.wooden_sword":5,"stat.fallOneCm":209,"stat.pickup.minecraft.torch":22,"stat.sneakTime":105,"stat.damageDealt":190,"stat.crouchOneCm":273,"stat.mineBlock.minecraft.iron_ore":15,"stat.timeSinceDeath":10113,"stat.useItem.minecraft.iron_pickaxe":17,"stat.sprintOneCm":17470,"stat.useItem.minecraft.stone_slab2":3,"stat.mineBlock.minecraft.stone":1,"stat.pickup.minecraft.iron_ore":15}