{"stat.pickup.minecraft.rotten_flesh":4,"stat.walkOneCm":63319,"stat.useItem.minecraft.torch":61,"stat.pickup.minecraft.bone":2,"stat.useItem.minecraft.stone":11,"stat.leaveGame":1,"stat.pickup.minecraft.arrow":1,"stat.damageTaken":350,"stat.useItem.minecraft.iron_ore":33,"stat.mineBlock.minecraft.torch":5,"stat.killEntity.ZombieVillager":1,"stat.mobKills":5,"stat.pickup.minecraft.cobblestone":1,"stat.useItem.minecraft.potion":2,"stat.flyOneCm":42312,"stat.jump":115,"stat.playOneMinute":14621,"stat.useItem.minecraft.wooden_sword":17,"stat.fallOneCm":209,"stat.pickup.minecraft.torch":58,"stat.useItem.minecraft.cooked_beef":3,"stat.useItem.minecraft.milk_bucket":1,"stat.sneakTime":127,"stat.damageDealt":840,"stat.pickup.minecraft.stone":3,"stat.crouchOneCm":211,"stat.mineBlock.minecraft.iron_ore":39,"stat.killEntity.Zombie":2,"stat.timeSinceDeath":14621,"stat.useItem.minecraft.wooden_axe":3,"stat.pickup.minecraft.dirt":2,"stat.sprintOneCm":8945,"stat.useItem.minecraft.iron_pickaxe":41,"stat.useItem.minecraft.stone_slab2":16,"stat.killEntity.Stray":1,"stat.pickup.minecraft.iron_ore":39}