{"stat.pickup.minecraft.rotten_flesh":11,"stat.pickup.minecraft.record_13":1,"stat.walkOneCm":77709,"stat.useItem.minecraft.torch":24,"stat.pickup.minecraft.bone":1,"stat.entityKilledBy.Stray":1,"stat.useItem.minecraft.iron_sword":95,"stat.pickup.minecraft.iron_axe":1,"stat.leaveGame":1,"stat.pickup.minecraft.iron_sword":1,"stat.damageTaken":969,"stat.killEntity.ZombieVillager":1,"stat.mobKills":48,"stat.flyOneCm":60453,"stat.deaths":1,"stat.jump":108,"stat.playOneMinute":8790,"stat.pickup.minecraft.iron_helmet":1,"stat.fallOneCm":836,"stat.pickup.minecraft.torch":40,"stat.pickup.minecraft.iron_pickaxe":1,"stat.useItem.minecraft.cooked_beef":8,"stat.damageDealt":3732,"stat.killEntity.Zombie":6,"stat.timeSinceDeath":700,"stat.pickup.minecraft.tipped_arrow":1,"stat.sprintOneCm":20858,"stat.pickup.minecraft.iron_chestplate":1,"stat.mineBlock.minecraft.tallgrass":3,"stat.pickup.minecraft.cooked_beef":16,"stat.killEntity.Stray":1}