{"stat.pickup.minecraft.rotten_flesh":10,"stat.pickup.minecraft.record_13":2,"stat.walkOneCm":118149,"stat.pickup.minecraft.bone":1,"stat.recordPlayed":2,"stat.useItem.minecraft.iron_sword":63,"stat.drop.minecraft.rotten_flesh":10,"stat.leaveGame":1,"stat.pickup.minecraft.arrow":1,"stat.damageTaken":348,"stat.drop.minecraft.gunpowder":4,"stat.drop.minecraft.bone":1,"stat.mineBlock.minecraft.torch":2,"stat.killEntity.ZombieVillager":1,"stat.mobKills":18,"stat.killEntity.Creeper":2,"stat.drop.minecraft.tipped_arrow":1,"stat.flyOneCm":122538,"stat.drop":22,"stat.jump":380,"stat.playOneMinute":15993,"stat.fallOneCm":5494,"stat.pickup.minecraft.iron_ingot":2,"stat.pickup.minecraft.torch":2,"stat.useItem.minecraft.cooked_beef":5,"stat.drop.minecraft.carrot":3,"stat.sneakTime":8,"stat.pickup.minecraft.carrot":3,"stat.damageDealt":3390,"stat.pickup.minecraft.gunpowder":4,"stat.killEntity.Zombie":9,"stat.drop.minecraft.arrow":1,"stat.timeSinceDeath":15993,"stat.pickup.minecraft.tipped_arrow":1,"stat.drop.minecraft.iron_ingot":2,"stat.pickup.minecraft.dirt":2,"stat.sprintOneCm":47203,"stat.mineBlock.minecraft.dirt":2,"stat.useItem.minecraft.stone_slab2":6,"stat.killEntity.Stray":2}