{"stat.flyOneCm":18226,"stat.walkOneCm":42564,"stat.useItem.minecraft.torch":20,"stat.pickup.minecraft.wheat_seeds":3,"stat.drop":2,"stat.swimOneCm":21909,"stat.jump":127,"stat.playOneMinute":10368,"stat.fallOneCm":418,"stat.drop.minecraft.wheat_seeds":2,"stat.pickup.minecraft.torch":15,"stat.useItem.minecraft.cooked_beef":5,"stat.leaveGame":1,"stat.sneakTime":3,"stat.damageTaken":528,"stat.mineBlock.minecraft.torch":13,"stat.timeSinceDeath":10368,"stat.sprintOneCm":7710,"stat.useItem.minecraft.bucket":12,"stat.diveOneCm":3472,"stat.useItem.minecraft.water_bucket":12}