{"stat.walkOneCm":46615,"stat.useItem.minecraft.torch":14,"stat.drop.minecraft.rotten_flesh":3,"stat.leaveGame":2,"stat.useItem.minecraft.diamond_sword":26,"stat.pickup.minecraft.string":2,"stat.jump":79,"stat.swimOneCm":1196,"stat.fallOneCm":1370,"stat.crouchOneCm":206,"stat.pickup.minecraft.spider_eye":1,"stat.sprintOneCm":11986,"stat.pickup.minecraft.rotten_flesh":3,"stat.useItem.minecraft.snowball":3,"stat.damageTaken":296,"stat.killEntity.Spider":2,"stat.mineBlock.minecraft.torch":5,"stat.mobKills":9,"stat.flyOneCm":68215,"stat.drop":4,"stat.playOneMinute":9365,"stat.pickup.minecraft.torch":5,"stat.useItem.minecraft.cooked_beef":3,"stat.sneakTime":105,"stat.damageDealt":1397,"stat.killEntity.Zombie":5,"stat.timeSinceDeath":9365,"stat.pickup.minecraft.snowball":3,"stat.drop.minecraft.spider_eye":1,"stat.diveOneCm":1625}