{"stat.chestOpened":4,"stat.walkOneCm":171440,"stat.useItem.minecraft.torch":16,"stat.pickup.minecraft.repeater":5,"stat.useItem.minecraft.snowball":1,"stat.leaveGame":1,"stat.damageTaken":707,"stat.mineBlock.minecraft.torch":12,"stat.mobKills":1,"stat.useItem.minecraft.diamond_sword":8,"stat.useItem.minecraft.potion":1,"stat.flyOneCm":294338,"stat.jump":384,"stat.swimOneCm":1378,"stat.playOneMinute":38835,"stat.fallOneCm":5495,"stat.pickup.minecraft.torch":15,"stat.useItem.minecraft.cooked_beef":8,"stat.sneakTime":624,"stat.damageDealt":488,"stat.pickup.minecraft.redstone":22,"stat.crouchOneCm":1095,"stat.timeSinceDeath":38835,"stat.pickup.minecraft.snowball":13,"stat.pickup.minecraft.dirt":14,"stat.sprintOneCm":37736,"stat.useItem.minecraft.stone_slab2":740,"stat.diveOneCm":932}