{"stat.flyOneCm":121348,"stat.walkOneCm":48104,"stat.useItem.minecraft.torch":8,"stat.jump":125,"stat.playOneMinute":15671,"stat.pickup.minecraft.redstone_torch":3,"stat.pickup.minecraft.torch":3,"stat.useItem.minecraft.redstone":5,"stat.leaveGame":1,"stat.sneakTime":422,"stat.damageDealt":20,"stat.pickup.minecraft.redstone":2,"stat.crouchOneCm":1090,"stat.timeSinceDeath":15671,"stat.sprintOneCm":10696,"stat.mobKills":1,"stat.useItem.minecraft.stone_slab2":134,"stat.useItem.minecraft.redstone_ore":5}