{"stat.walkOneCm":90600,"stat.pickup.minecraft.bone":1,"stat.useItem.minecraft.torch":2,"stat.leaveGame":3,"stat.damageTaken":112,"stat.drop.minecraft.bone":1,"stat.mobKills":9,"stat.useItem.minecraft.diamond_sword":11,"stat.flyOneCm":1302340,"stat.drop":1,"stat.jump":2995,"stat.playOneMinute":61700,"stat.fallOneCm":1103,"stat.pickup.minecraft.torch":2,"stat.sneakTime":102,"stat.damageDealt":540,"stat.crouchOneCm":407,"stat.killEntity.Zombie":1,"stat.timeSinceDeath":61700,"stat.sprintOneCm":352277,"stat.useItem.minecraft.stone_slab2":24}