{"stat.pickup.minecraft.record_13":1,"stat.pickup.minecraft.rotten_flesh":4,"stat.pickup.minecraft.record_11":2,"stat.walkOneCm":10955,"stat.useItem.minecraft.torch":1,"stat.entityKilledBy.Stray":1,"stat.pickup.minecraft.wooden_axe":1,"stat.leaveGame":1,"stat.pickup.minecraft.arrow":3,"stat.damageTaken":346,"stat.pickup.minecraft.wooden_sword":1,"stat.pickup.minecraft.string":2,"stat.flyOneCm":11055,"stat.deaths":1,"stat.pickup.minecraft.diamond_sword":1,"stat.jump":11,"stat.playOneMinute":2273,"stat.pickup.minecraft.iron_pickaxe":1,"stat.pickup.minecraft.torch":20,"stat.useItem.minecraft.cooked_beef":1,"stat.sneakTime":1,"stat.timeSinceDeath":1602,"stat.sprintOneCm":7697,"stat.pickup.minecraft.cooked_beef":62,"stat.pickup.minecraft.iron_ore":8}