{"stat.flyOneCm":19953,"stat.walkOneCm":63433,"stat.jump":94,"stat.playOneMinute":9992,"stat.killEntity.veilings.veiling_dramatist":7,"stat.useItem.minecraft.snowball":1,"stat.leaveGame":1,"stat.sneakTime":142,"stat.damageDealt":2750,"stat.crouchOneCm":312,"stat.timeSinceDeath":9992,"stat.killEntity.veilings.veiling_deft":27,"stat.sprintOneCm":7755,"stat.mobKills":35,"stat.useItem.minecraft.spawn_egg":1,"stat.killEntity.veilings.veiling_custodian":1,"stat.useItem.minecraft.diamond_sword":37,"stat.pickup.veilings.attack_sceptre":12}