{"stat.craftItem.veilings.veiling_outfit_wraps":1,"stat.useItem.minecraft.bow":15,"stat.walkOneCm":24351,"stat.craftItem.veilings.veiling_outfit_maid":5,"stat.killEntity.veilings.veiling_dramatist":1,"stat.leaveGame":2,"stat.mobKills":1,"stat.flyOneCm":13964,"stat.jump":18,"stat.swimOneCm":260,"stat.playOneMinute":7978,"stat.pickup.veilings.mask_deft":3,"stat.sneakTime":125,"stat.craftItem.veilings.veiling_outfit_poncho":2,"stat.crouchOneCm":366,"stat.craftItem.veilings.veiling_outfit_armor":3,"stat.timeSinceDeath":7978,"stat.sprintOneCm":1231,"stat.useItem.minecraft.stone_slab2":5,"stat.craftingTableInteraction":9}