{"stat.chestOpened":10,"stat.useItem.minecraft.splash_potion":212,"stat.walkOneCm":226625,"stat.recordPlayed":1,"stat.leaveGame":2,"stat.killEntity.veilings.veiling_custodian":7,"stat.useItem.minecraft.diamond_sword":30,"stat.pickup.veilings.attack_sceptre":2,"stat.pickup.minecraft.diamond_sword":6,"stat.jump":2402,"stat.swimOneCm":104,"stat.pickup.minecraft.beef":32,"stat.drop.minecraft.diamond_sword":1,"stat.crouchOneCm":2013,"stat.drop.veilings.false_egg":7,"stat.sprintOneCm":220064,"stat.useItem.minecraft.stone_slab2":12,"stat.pickup.minecraft.rotten_flesh":210,"stat.pickup.veilings.false_egg":1,"stat.pickup.minecraft.splash_potion":3,"stat.killEntity.veilings.veiling_dramatist":10,"stat.pickup.minecraft.cookie":513,"stat.useItem.minecraft.snowball":16,"stat.pickup.minecraft.leather":12,"stat.killEntity.veilings.veiling_deft":97,"stat.mobKills":119,"stat.flyOneCm":978217,"stat.drop":8,"stat.playOneMinute":70716,"stat.sneakTime":582,"stat.damageDealt":2213,"stat.timeSinceDeath":70716,"stat.useItem.minecraft.spawn_egg":37,"stat.pickup.minecraft.record_wait":1}