{"stat.chestOpened":2,"stat.drop.veilings.veiling_essence":13,"stat.flyOneCm":9713,"stat.walkOneCm":11106,"stat.drop":13,"stat.jump":43,"stat.playOneMinute":3056,"stat.killEntity.veilings.veiling_dramatist":5,"stat.pickup.veilings.veiling_essence":13,"stat.leaveGame":1,"stat.sneakTime":275,"stat.damageDealt":870,"stat.crouchOneCm":504,"stat.timeSinceDeath":3056,"stat.killEntity.veilings.veiling_deft":3,"stat.sprintOneCm":4835,"stat.mobKills":11,"stat.killEntity.veilings.veiling_custodian":3,"stat.useItem.minecraft.diamond_sword":11}