{"stat.flyOneCm":1399495,"stat.walkOneCm":29705,"stat.jump":1117,"stat.swimOneCm":28,"stat.playOneMinute":35446,"stat.killEntity.veilings.veiling_dramatist":1,"stat.pickup.minecraft.cookie":3,"stat.pickup.veilings.veiling_essence":1,"stat.killEntity.veilings.wicked_veiling_dramatist":1,"stat.leaveGame":1,"stat.sneakTime":398,"stat.damageDealt":240,"stat.crouchOneCm":2736,"stat.timeSinceDeath":35446,"stat.sprintOneCm":138476,"stat.mobKills":3,"stat.useItem.minecraft.stone_slab2":1,"stat.useItem.minecraft.diamond_sword":4,"stat.killEntity.veilings.wicked_veiling_custodian":1}