{"stat.drop.minecraft.iron_axe":3,"stat.walkOneCm":87724,"stat.pickup.minecraft.armor_stand":1,"stat.pickup.minecraft.cake":104,"stat.useItem.minecraft.iron_axe":1,"stat.leaveGame":2,"stat.pickup.minecraft.wooden_sword":2,"stat.jump":289,"stat.swimOneCm":52,"stat.fallOneCm":1672,"stat.pickup.minecraft.beef":60,"stat.pickup.minecraft.glowstone_dust":1,"stat.crouchOneCm":1166,"stat.sprintOneCm":39968,"stat.useItem.minecraft.stone_slab2":4,"stat.pickup.minecraft.rotten_flesh":2,"stat.pickup.minecraft.iron_axe":6,"stat.pickup.minecraft.leather":27,"stat.flyOneCm":130419,"stat.drop":11,"stat.drop.minecraft.cake":8,"stat.playOneMinute":24282,"stat.sneakTime":240,"stat.damageDealt":21,"stat.timeSinceDeath":24282,"stat.useItem.minecraft.spawn_egg":26}