{"stat.flyOneCm":71450,"stat.useItem.minecraft.splash_potion":2,"stat.walkOneCm":41113,"stat.drop":4,"stat.jump":50,"stat.drop.veilings.false_fetus":4,"stat.swimOneCm":400,"stat.playOneMinute":24719,"stat.recordPlayed":3,"stat.killEntity.veilings.veiling_dramatist":2,"stat.leaveGame":1,"stat.sneakTime":3164,"stat.damageDealt":18,"stat.pickup.minecraft.record_stal":3,"stat.crouchOneCm":4251,"stat.timeSinceDeath":24719,"stat.killEntity.veilings.veiling_deft":2,"stat.sprintOneCm":2833,"stat.mobKills":4,"stat.useItem.minecraft.stone_slab2":3,"stat.useItem.minecraft.spawn_egg":10}