{"stat.flyOneCm":5655,"stat.walkOneCm":77283,"stat.jump":59,"stat.playOneMinute":20789,"stat.recordPlayed":20,"stat.pickup.minecraft.cake":13,"stat.killEntity.veilings.veiling_dramatist":3,"stat.pickup.veilings.veiling_essence":22,"stat.killEntity.veilings.wicked_veiling_dramatist":7,"stat.sneakTime":68,"stat.pickup.minecraft.record_stal":21,"stat.damageDealt":926,"stat.crouchOneCm":28,"stat.timeSinceDeath":20789,"stat.sprintOneCm":3904,"stat.mobKills":11,"stat.useItem.minecraft.stone_slab2":27,"stat.useItem.minecraft.diamond_sword":13,"stat.pickup.veilings.command_sceptre":2}