{"stat.useItem.minecraft.splash_potion":43,"stat.flyOneCm":18544,"stat.walkOneCm":66548,"stat.jump":55,"stat.playOneMinute":15719,"stat.recordPlayed":4,"stat.pickup.minecraft.splash_potion":1,"stat.killEntity.veilings.wicked_veiling_dramatist":14,"stat.leaveGame":1,"stat.sneakTime":134,"stat.damageDealt":10,"stat.crouchOneCm":333,"stat.timeSinceDeath":15719,"stat.useItem.minecraft.lingering_potion":43,"stat.killEntity.veilings.veiling_deft":47,"stat.killEntity.veilings.wicked_veiling_deft":24,"stat.mobKills":99,"stat.sprintOneCm":2127,"stat.useItem.minecraft.stone_slab2":4,"stat.pickup.minecraft.record_wait":5,"stat.killEntity.veilings.wicked_veiling_custodian":14}