{"stat.pickup.minecraft.rotten_flesh":8,"stat.flyOneCm":51381,"stat.walkOneCm":14335,"stat.jump":153,"stat.playOneMinute":6974,"stat.killEntity.veilings.wicked_veiling_dramatist":16,"stat.sneakTime":59,"stat.damageDealt":3670,"stat.crouchOneCm":412,"stat.timeSinceDeath":6974,"stat.killEntity.veilings.wicked_veiling_deft":5,"stat.sprintOneCm":11434,"stat.mobKills":52,"stat.useItem.minecraft.stone_slab2":18,"stat.killEntity.veilings.wicked_veiling_custodian":31,"stat.useItem.minecraft.diamond_sword":54}