{"stat.pickup.minecraft.rotten_flesh":7,"stat.useItem.minecraft.splash_potion":2,"stat.walkOneCm":85595,"stat.recordPlayed":3,"stat.pickup.minecraft.cake":10,"stat.killEntity.veilings.veiling_dramatist":7,"stat.pickup.minecraft.cookie":124,"stat.leaveGame":2,"stat.pickup.minecraft.leather":1,"stat.pickup.minecraft.record_cat":2,"stat.killEntity.veilings.veiling_deft":6,"stat.mobKills":18,"stat.killEntity.veilings.veiling_custodian":4,"stat.pickup.veilings.attack_sceptre":1,"stat.flyOneCm":49940,"stat.jump":69,"stat.playOneMinute":18779,"stat.pickup.minecraft.beef":4,"stat.sneakTime":215,"stat.useItem.minecraft.stone_sword":28,"stat.damageDealt":1165,"stat.crouchOneCm":1270,"stat.timeSinceDeath":18779,"stat.killEntity.veilings.wicked_veiling_deft":1,"stat.sprintOneCm":6098,"stat.useItem.minecraft.stone_slab2":4,"stat.useItem.minecraft.spawn_egg":11}