{"stat.useItem.minecraft.splash_potion":29,"stat.flyOneCm":98113,"stat.walkOneCm":94620,"stat.jump":231,"stat.playOneMinute":18278,"stat.recordPlayed":2,"stat.pickup.minecraft.cake":1,"stat.killEntity.veilings.veiling_dramatist":4,"stat.sneakTime":280,"stat.pickup.minecraft.record_stal":2,"stat.damageDealt":8,"stat.crouchOneCm":1035,"stat.timeSinceDeath":18278,"stat.killEntity.veilings.veiling_deft":1,"stat.sprintOneCm":24334,"stat.mobKills":6,"stat.useItem.minecraft.stone_slab2":8,"stat.killEntity.veilings.veiling_custodian":1}