{"stat.flyOneCm":38072,"stat.walkOneCm":11829,"stat.jump":64,"stat.playOneMinute":3383,"stat.pickup.minecraft.beef":14,"stat.leaveGame":1,"stat.sneakTime":38,"stat.pickup.minecraft.leather":6,"stat.damageDealt":80,"stat.pickup.minecraft.record_cat":1,"stat.crouchOneCm":55,"stat.timeSinceDeath":3383,"stat.killEntity.veilings.veiling_deft":1,"stat.sprintOneCm":12018,"stat.mobKills":1,"stat.useItem.minecraft.spawn_egg":22,"stat.useItem.minecraft.diamond_sword":2,"stat.pickup.veilings.attack_sceptre":1}