{"stat.chestOpened":1,"stat.flyOneCm":6160,"stat.walkOneCm":7804,"stat.jump":22,"stat.swimOneCm":90,"stat.playOneMinute":4021,"stat.pickup.minecraft.stick":1,"stat.pickup.veilings.veiling_essence":10,"stat.leaveGame":1,"stat.sneakTime":19,"stat.crouchOneCm":80,"stat.timeSinceDeath":4021,"stat.sprintOneCm":1912,"stat.pickup.veilings.veiling_weave":4,"stat.useItem.minecraft.stone_slab2":1,"stat.pickup.minecraft.quartz":2,"stat.pickup.minecraft.gold_ingot":1,"stat.pickup.veilings.command_sceptre":1}