{"stat.drop.veilings.veiling_essence":12,"stat.walkOneCm":67540,"stat.pickup.veilings.veiling_essence":12,"stat.useItem.minecraft.snowball":4,"stat.leaveGame":2,"stat.pickup.minecraft.pumpkin_pie":28,"stat.pickup.minecraft.leather":33,"stat.mobKills":25,"stat.useItem.minecraft.diamond_sword":27,"stat.flyOneCm":66803,"stat.drop":12,"stat.jump":162,"stat.swimOneCm":696,"stat.playOneMinute":10080,"stat.pickup.minecraft.beef":44,"stat.sneakTime":61,"stat.damageDealt":1927,"stat.crouchOneCm":327,"stat.timeSinceDeath":10080,"stat.sprintOneCm":16596,"stat.useItem.minecraft.spawn_egg":10,"stat.diveOneCm":133}