{"stat.flyOneCm":41056,"stat.walkOneCm":24044,"stat.jump":90,"stat.playOneMinute":9501,"stat.pickup.minecraft.cake":2,"stat.killEntity.veilings.veiling_dramatist":1,"stat.pickup.veilings.veiling_essence":8,"stat.killEntity.veilings.wicked_veiling_dramatist":6,"stat.leaveGame":1,"stat.sneakTime":85,"stat.useItem.minecraft.diamond_axe":22,"stat.damageDealt":1760,"stat.crouchOneCm":494,"stat.timeSinceDeath":9501,"stat.killEntity.veilings.wicked_veiling_deft":8,"stat.sprintOneCm":10020,"stat.mobKills":22,"stat.useItem.minecraft.stone_slab2":2,"stat.killEntity.veilings.wicked_veiling_custodian":7}