{"stat.mineBlock.minecraft.red_mushroom_block":1,"stat.flyOneCm":181791,"stat.walkOneCm":59054,"stat.jump":483,"stat.playOneMinute":17255,"stat.fallOneCm":10459,"stat.useItem.minecraft.cooked_beef":4,"stat.sneakTime":515,"stat.damageTaken":370,"stat.damageDealt":668,"stat.pickup.creaturesfromdarkness.dream_spine":1,"stat.crouchOneCm":1073,"stat.timeSinceDeath":17255,"stat.mobKills":7,"stat.sprintOneCm":32449,"stat.useItem.minecraft.stone_slab2":6,"stat.useItem.minecraft.spawn_egg":18,"stat.useItem.minecraft.diamond_sword":13}