{"stat.flyOneCm":64218,"stat.walkOneCm":55402,"stat.jump":235,"stat.playOneMinute":11309,"stat.pickup.minecraft.beef":4,"stat.pickup.veilings.veiling_tiramisu":1,"stat.pickup.veilings.veiling_essence":1,"stat.leaveGame":1,"stat.sneakTime":444,"stat.pickup.minecraft.leather":1,"stat.useItem.minecraft.diamond_axe":3,"stat.damageDealt":260,"stat.crouchOneCm":2968,"stat.timeSinceDeath":11309,"stat.killEntity.veilings.veiling_deft":2,"stat.killEntity.veilings.wicked_veiling_deft":1,"stat.sprintOneCm":41202,"stat.mobKills":3,"stat.useItem.minecraft.stone_slab2":2,"stat.craftingTableInteraction":1}