{"stat.flyOneCm":284593,"stat.walkOneCm":20384,"stat.jump":352,"stat.swimOneCm":222,"stat.playOneMinute":9821,"stat.killEntity.veilings.veiling_dramatist":2,"stat.pickup.minecraft.cookie":71,"stat.useItem.minecraft.snowball":71,"stat.leaveGame":1,"stat.sneakTime":41,"stat.damageDealt":630,"stat.crouchOneCm":389,"stat.timeSinceDeath":9821,"stat.killEntity.veilings.veiling_deft":5,"stat.sprintOneCm":32577,"stat.mobKills":8,"stat.killEntity.veilings.veiling_custodian":1,"stat.useItem.minecraft.diamond_sword":8}