{"stat.flyOneCm":40835,"stat.walkOneCm":31843,"stat.jump":25,"stat.playOneMinute":27615,"stat.pickup.minecraft.cake":6,"stat.pickup.minecraft.diamond_axe":1,"stat.pickup.minecraft.beef":7,"stat.killEntity.veilings.veiling_dramatist":1,"stat.pickup.veilings.veiling_essence":8,"stat.killEntity.veilings.wicked_veiling_dramatist":1,"stat.leaveGame":1,"stat.sneakTime":186,"stat.pickup.minecraft.leather":4,"stat.useItem.minecraft.diamond_axe":11,"stat.damageDealt":880,"stat.crouchOneCm":164,"stat.timeSinceDeath":27615,"stat.killEntity.veilings.wicked_veiling_deft":4,"stat.killEntity.veilings.veiling_deft":5,"stat.sprintOneCm":3082,"stat.mobKills":11,"stat.useItem.minecraft.stone_slab2":4,"stat.useItem.minecraft.spawn_egg":4}