{"stat.useItem.minecraft.splash_potion":13,"stat.walkOneCm":29385,"stat.recordPlayed":3,"stat.killEntity.veilings.veiling_dramatist":1,"stat.leaveGame":3,"stat.killEntity.veilings.veiling_deft":16,"stat.mobKills":17,"stat.useItem.minecraft.diamond_sword":11,"stat.flyOneCm":1238,"stat.jump":33,"stat.playOneMinute":8783,"stat.pickup.veilings.mask_deft":1,"stat.sneakTime":24,"stat.damageDealt":880,"stat.crouchOneCm":10,"stat.timeSinceDeath":8783,"stat.sprintOneCm":295,"stat.useItem.minecraft.stone_slab2":3,"stat.pickup.minecraft.record_wait":2}