{"stat.walkOneCm":61342,"stat.killEntity.veilings.veiling_dramatist":1,"stat.pickup.veilings.veiling_essence":4,"stat.leaveGame":1,"stat.pickup.minecraft.pumpkin_pie":9,"stat.pickup.veilings.veiling_outfit_poncho":1,"stat.pickup.minecraft.leather":4,"stat.useItem.minecraft.diamond_axe":9,"stat.pickup.veilings.veiling_outfit_vest":1,"stat.killEntity.veilings.veiling_deft":4,"stat.mobKills":9,"stat.killEntity.veilings.veiling_custodian":2,"stat.killEntity.veilings.wicked_veiling_custodian":1,"stat.flyOneCm":29312,"stat.jump":52,"stat.playOneMinute":10164,"stat.pickup.minecraft.beef":5,"stat.sneakTime":101,"stat.pickup.veilings.veiling_outfit_maid":1,"stat.damageDealt":720,"stat.crouchOneCm":685,"stat.timeSinceDeath":10164,"stat.killEntity.veilings.wicked_veiling_deft":1,"stat.sprintOneCm":9501}