{"stat.killEntity.veilings.veiling":4,"stat.pickup.minecraft.rotten_flesh":5,"stat.flyOneCm":25890,"stat.walkOneCm":104570,"stat.jump":93,"stat.swimOneCm":1009,"stat.playOneMinute":28995,"stat.pickup.minecraft.beef":37,"stat.leaveGame":1,"stat.sneakTime":247,"stat.pickup.minecraft.leather":20,"stat.damageDealt":282,"stat.crouchOneCm":521,"stat.timeSinceDeath":28995,"stat.sprintOneCm":8400,"stat.mobKills":5,"stat.useItem.minecraft.stone_slab2":5,"stat.useItem.minecraft.spawn_egg":43,"stat.useItem.minecraft.diamond_sword":6}