{"stat.pickup.minecraft.rotten_flesh":46,"stat.pickup.minecraft.spawn_egg":1,"stat.flyOneCm":101002,"stat.walkOneCm":149386,"stat.swimOneCm":554,"stat.jump":362,"stat.playOneMinute":33115,"stat.fallOneCm":1672,"stat.useItem.minecraft.snowball":11,"stat.leaveGame":1,"stat.sneakTime":682,"stat.damageTaken":240,"stat.crouchOneCm":1799,"stat.timeSinceDeath":33115,"stat.pickup.minecraft.snowball":4,"stat.sprintOneCm":54932,"stat.useItem.minecraft.spawn_egg":66,"stat.pickup.veilings.attack_sceptre":4}