{"stat.useItem.minecraft.bow":22,"stat.useItem.minecraft.splash_potion":65,"stat.walkOneCm":82120,"stat.pickup.minecraft.cake":2,"stat.pickup.veilings.veiling_essence":21,"stat.leaveGame":2,"stat.useItem.minecraft.diamond_axe":5,"stat.killEntity.veilings.veiling_custodian":5,"stat.killEntity.veilings.wicked_veiling_custodian":4,"stat.jump":469,"stat.swimOneCm":83,"stat.pickup.minecraft.beef":3,"stat.crouchOneCm":2423,"stat.killEntity.veilings.wicked_veiling_deft":4,"stat.sprintOneCm":48857,"stat.useItem.minecraft.stone_slab2":1,"stat.killEntity.veilings.veiling_dramatist":6,"stat.pickup.minecraft.cookie":1,"stat.pickup.minecraft.leather":2,"stat.killEntity.veilings.veiling_deft":10,"stat.mobKills":36,"stat.flyOneCm":1197461,"stat.playOneMinute":36593,"stat.killEntity.veilings.wicked_veiling_dramatist":4,"stat.sneakTime":357,"stat.damageDealt":568,"stat.timeSinceDeath":36593,"stat.useItem.minecraft.spawn_egg":17}