{"stat.pickup.veilings.veiling_outfit_wraps":1,"stat.walkOneCm":42712,"stat.pickup.minecraft.cake":5,"stat.killEntity.veilings.veiling_dramatist":4,"stat.pickup.veilings.veiling_essence":13,"stat.pickup.veilings.veiling_outfit_poncho":2,"stat.useItem.minecraft.diamond_axe":22,"stat.killEntity.veilings.veiling_deft":3,"stat.mobKills":23,"stat.killEntity.veilings.veiling_custodian":3,"stat.killEntity.veilings.wicked_veiling_custodian":4,"stat.useItem.minecraft.diamond_sword":2,"stat.flyOneCm":59216,"stat.jump":180,"stat.swimOneCm":462,"stat.playOneMinute":11895,"stat.killEntity.veilings.wicked_veiling_dramatist":2,"stat.sneakTime":129,"stat.pickup.veilings.veiling_outfit_maid":1,"stat.damageDealt":1910,"stat.crouchOneCm":879,"stat.timeSinceDeath":11895,"stat.killEntity.veilings.wicked_veiling_deft":7,"stat.sprintOneCm":13353,"stat.useItem.minecraft.stone_slab2":1,"stat.pickup.veilings.veiling_outfit_armor":1}