{"stat.pickup.minecraft.rotten_flesh":10,"stat.useItem.minecraft.splash_potion":9,"stat.walkOneCm":120579,"stat.recordPlayed":1,"stat.pickup.minecraft.cake":2,"stat.leaveGame":1,"stat.pickup.minecraft.leather":74,"stat.damageTaken":160,"stat.pickup.minecraft.record_stal":1,"stat.pickup.minecraft.stone_sword":4,"stat.mobKills":24,"stat.killEntity.veilings.wicked_veiling_custodian":12,"stat.pickup.minecraft.spawn_egg":1,"stat.flyOneCm":129380,"stat.jump":356,"stat.playOneMinute":25485,"stat.fallOneCm":1581,"stat.pickup.minecraft.beef":152,"stat.killEntity.veilings.wicked_veiling_dramatist":1,"stat.sneakTime":741,"stat.damageDealt":8,"stat.crouchOneCm":1176,"stat.timeSinceDeath":25485,"stat.killEntity.veilings.wicked_veiling_deft":11,"stat.sprintOneCm":77649,"stat.useItem.minecraft.spawn_egg":88,"stat.useItem.minecraft.stone_slab2":8,"stat.pickup.veilings.command_sceptre":4}