{"stat.flyOneCm":12132,"stat.walkOneCm":20908,"stat.jump":22,"stat.swimOneCm":27,"stat.playOneMinute":4062,"stat.killEntity.veilings.veiling_dramatist":2,"stat.pickup.veilings.veiling_essence":3,"stat.leaveGame":1,"stat.sneakTime":28,"stat.useItem.minecraft.diamond_axe":9,"stat.damageDealt":720,"stat.crouchOneCm":244,"stat.timeSinceDeath":4062,"stat.killEntity.veilings.veiling_deft":2,"stat.sprintOneCm":3739,"stat.mobKills":9,"stat.killEntity.veilings.veiling_custodian":3,"stat.killEntity.veilings.wicked_veiling_custodian":2}