{"stat.walkOneCm":56564,"stat.pickup.veilings.veiling_essence":6,"stat.leaveGame":2,"stat.useItem.minecraft.diamond_axe":13,"stat.mobKills":22,"stat.killEntity.veilings.veiling_custodian":1,"stat.useItem.minecraft.diamond_sword":14,"stat.killEntity.veilings.wicked_veiling_custodian":3,"stat.flyOneCm":425432,"stat.jump":346,"stat.swimOneCm":10,"stat.playOneMinute":26109,"stat.killEntity.veilings.wicked_veiling_dramatist":4,"stat.sneakTime":442,"stat.damageDealt":1710,"stat.crouchOneCm":2136,"stat.timeSinceDeath":26109,"stat.killEntity.veilings.wicked_veiling_deft":4,"stat.sprintOneCm":24639,"stat.useItem.minecraft.stone_slab2":14,"stat.useItem.minecraft.spawn_egg":336}