{"stat.flyOneCm":20086,"stat.useItem.minecraft.splash_potion":44,"stat.walkOneCm":48527,"stat.jump":31,"stat.playOneMinute":10227,"stat.recordPlayed":2,"stat.killEntity.veilings.veiling_dramatist":16,"stat.leaveGame":1,"stat.sneakTime":77,"stat.pickup.minecraft.pumpkin_pie":7,"stat.crouchOneCm":289,"stat.timeSinceDeath":10227,"stat.killEntity.veilings.veiling_deft":13,"stat.killEntity.veilings.wicked_veiling_deft":1,"stat.mobKills":44,"stat.useItem.minecraft.stone_slab2":8,"stat.pickup.minecraft.record_wait":2,"stat.killEntity.veilings.veiling_custodian":11,"stat.killEntity.veilings.wicked_veiling_custodian":3,"stat.pickup.veilings.attack_sceptre":1}