{"stat.pickup.minecraft.rotten_flesh":1,"stat.flyOneCm":15344,"stat.walkOneCm":19580,"stat.jump":30,"stat.swimOneCm":970,"stat.playOneMinute":6246,"stat.killEntity.veilings.veiling_dramatist":2,"stat.killEntity.veilings.wicked_veiling_dramatist":6,"stat.leaveGame":1,"stat.sneakTime":65,"stat.damageDealt":470,"stat.crouchOneCm":112,"stat.pickup.minecraft.nether_star":1,"stat.killEntity.Zombie":2,"stat.timeSinceDeath":6246,"stat.pickup.veilings.spirit_dagger":192,"stat.mobKills":12,"stat.sprintOneCm":1555,"stat.useItem.minecraft.spawn_egg":3,"stat.killEntity.veilings.veiling_custodian":1,"stat.useItem.minecraft.diamond_sword":6}