{"stat.flyOneCm":96541,"stat.walkOneCm":73003,"stat.jump":260,"stat.playOneMinute":16011,"stat.pickup.minecraft.cake":3,"stat.killEntity.veilings.veiling_dramatist":2,"stat.pickup.veilings.veiling_essence":8,"stat.killEntity.veilings.wicked_veiling_dramatist":3,"stat.leaveGame":1,"stat.sneakTime":96,"stat.pickup.veilings.veiling_outfit_poncho":2,"stat.useItem.minecraft.diamond_axe":30,"stat.damageDealt":2220,"stat.crouchOneCm":695,"stat.timeSinceDeath":16011,"stat.pickup.veilings.veiling_outfit_vest":1,"stat.killEntity.veilings.wicked_veiling_deft":13,"stat.killEntity.veilings.veiling_deft":3,"stat.sprintOneCm":22599,"stat.mobKills":28,"stat.useItem.minecraft.stone_slab2":20,"stat.killEntity.veilings.veiling_custodian":2,"stat.killEntity.veilings.wicked_veiling_custodian":5}