{"stat.useItem.minecraft.splash_potion":13,"stat.walkOneCm":73801,"stat.pickup.minecraft.leather":1,"stat.pickup.veilings.dream_spine":4,"stat.mobKills":16,"stat.useItem.minecraft.diamond_sword":18,"stat.pickup.minecraft.dye":1,"stat.killEntity.veilings.veiling":15,"stat.flyOneCm":1546848,"stat.drop":21,"stat.jump":997,"stat.swimOneCm":10135,"stat.playOneMinute":55738,"stat.drop.veilings.dream_spine":20,"stat.killEntity.MushroomCow":1,"stat.pickup.minecraft.beef":3,"stat.drop.minecraft.dye":1,"stat.sneakTime":741,"stat.damageDealt":1000,"stat.crouchOneCm":2261,"stat.timeSinceDeath":55738,"stat.sprintOneCm":79618,"stat.pickup.minecraft.red_mushroom":1,"stat.useItem.minecraft.spawn_egg":1,"stat.useItem.minecraft.stone_slab2":29,"stat.diveOneCm":2175}