{"stat.flyOneCm":37670,"stat.walkOneCm":44084,"stat.jump":165,"stat.playOneMinute":17590,"stat.killEntity.veilings.veiling_dramatist":3,"stat.pickup.veilings.veiling_essence":14,"stat.killEntity.veilings.wicked_veiling_dramatist":4,"stat.leaveGame":1,"stat.sneakTime":102,"stat.useItem.minecraft.diamond_axe":38,"stat.damageDealt":3022,"stat.crouchOneCm":160,"stat.timeSinceDeath":17590,"stat.killEntity.veilings.veiling_deft":7,"stat.killEntity.veilings.wicked_veiling_deft":5,"stat.mobKills":31,"stat.sprintOneCm":8492,"stat.useItem.minecraft.stone_slab2":9,"stat.killEntity.veilings.veiling_custodian":6,"stat.killEntity.veilings.wicked_veiling_custodian":6}