{"stat.pickup.minecraft.rotten_flesh":12,"stat.flyOneCm":59203,"stat.walkOneCm":51083,"stat.jump":80,"stat.swimOneCm":604,"stat.pickup.veilings.mask_dramatist":1,"stat.playOneMinute":9557,"stat.killEntity.veilings.veiling_dramatist":1,"stat.killEntity.MushroomCow":6,"stat.pickup.minecraft.beef":21,"stat.pickup.minecraft.cookie":2,"stat.leaveGame":1,"stat.sneakTime":148,"stat.pickup.minecraft.leather":9,"stat.crouchOneCm":934,"stat.killEntity.Zombie":5,"stat.timeSinceDeath":9557,"stat.pickup.veilings.spirit_dagger":1,"stat.mobKills":12,"stat.sprintOneCm":10483,"stat.useItem.minecraft.spawn_egg":40}