{"stat.flyOneCm":70980,"stat.useItem.minecraft.splash_potion":93,"stat.walkOneCm":97390,"stat.jump":214,"stat.swimOneCm":355,"stat.playOneMinute":22719,"stat.pickup.minecraft.cake":11,"stat.killEntity.veilings.veiling_dramatist":16,"stat.leaveGame":1,"stat.sneakTime":331,"stat.damageDealt":260,"stat.crouchOneCm":1029,"stat.timeSinceDeath":22719,"stat.killEntity.veilings.veiling_deft":19,"stat.sprintOneCm":21103,"stat.mobKills":51,"stat.useItem.minecraft.stone_slab2":4,"stat.killEntity.veilings.veiling_custodian":15,"stat.killEntity.veilings.wicked_veiling_custodian":1,"stat.pickup.veilings.attack_sceptre":2}