{"stat.pickup.veilings.veiling_outfit_wraps":1,"stat.useItem.minecraft.splash_potion":22,"stat.walkOneCm":211587,"stat.recordPlayed":8,"stat.pickup.minecraft.cake":30,"stat.pickup.veilings.veiling_essence":39,"stat.leaveGame":1,"stat.pickup.veilings.veiling_outfit_poncho":1,"stat.pickup.minecraft.record_stal":2,"stat.drop.veilings.veiling_outfit_poncho":1,"stat.pickup.veilings.mask_custodian":6,"stat.drop.veilings.mask_custodian":1,"stat.killEntity.veilings.veiling_custodian":17,"stat.useItem.minecraft.diamond_sword":63,"stat.killEntity.veilings.wicked_veiling_custodian":13,"stat.pickup.minecraft.diamond_sword":1,"stat.jump":723,"stat.swimOneCm":1606,"stat.fallOneCm":209,"stat.pickup.minecraft.beef":10,"stat.crouchOneCm":3258,"stat.drop.veilings.veiling_outfit_wraps":1,"stat.killEntity.veilings.wicked_veiling_deft":5,"stat.sprintOneCm":74753,"stat.useItem.minecraft.stone_slab2":45,"stat.pickup.veilings.veiling_outfit_armor":1,"stat.pickup.veilings.command_sceptre":5,"stat.craftingTableInteraction":3,"stat.drop.veilings.veiling_essence":3,"stat.pickup.minecraft.record_mellohi":4,"stat.craftItem.veilings.veiling_outfit_maid":1,"stat.killEntity.veilings.veiling_dramatist":9,"stat.useItem.minecraft.snowball":8,"stat.drop.veilings.veiling_outfit_vest":1,"stat.damageTaken":30,"stat.pickup.minecraft.leather":8,"stat.killEntity.veilings.veiling_deft":11,"stat.mobKills":67,"stat.drop.veilings.veiling_outfit_armor":1,"stat.drop.veilings.veiling_outfit_jester":1,"stat.pickup.minecraft.record_ward":2,"stat.flyOneCm":587522,"stat.drop":9,"stat.playOneMinute":50044,"stat.killEntity.MushroomCow":1,"stat.killEntity.veilings.wicked_veiling_dramatist":7,"stat.sneakTime":771,"stat.craftItem.veilings.veiling_outfit_poncho":1,"stat.damageDealt":3632,"stat.timeSinceDeath":50044,"stat.useItem.minecraft.spawn_egg":7,"stat.diveOneCm":361}