{"stat.walkOneCm":22916,"stat.killEntity.veilings.veiling_dramatist":2,"stat.leaveGame":2,"stat.pickup.minecraft.leather":4,"stat.useItem.minecraft.diamond_axe":2,"stat.mobKills":4,"stat.useItem.minecraft.diamond_sword":1,"stat.flyOneCm":65687,"stat.drop":2,"stat.jump":42,"stat.swimOneCm":24,"stat.playOneMinute":8702,"stat.killEntity.MushroomCow":1,"stat.pickup.minecraft.beef":3,"stat.sneakTime":270,"stat.damageDealt":320,"stat.crouchOneCm":1476,"stat.timeSinceDeath":8702,"stat.sprintOneCm":3987,"stat.useItem.minecraft.stone_slab2":4,"stat.useItem.minecraft.spawn_egg":10}