{"stat.walkOneCm":86210,"stat.recordPlayed":9,"stat.pickup.minecraft.cake":2,"stat.pickup.minecraft.cookie":34,"stat.leaveGame":1,"stat.useItem.minecraft.diamond_axe":2,"stat.mobKills":13,"stat.useItem.minecraft.diamond_sword":19,"stat.flyOneCm":15245,"stat.jump":57,"stat.swimOneCm":35,"stat.playOneMinute":15252,"stat.sneakTime":81,"stat.damageDealt":1010,"stat.crouchOneCm":366,"stat.timeSinceDeath":15252,"stat.killEntity.veilings.wicked_veiling_deft":13,"stat.sprintOneCm":2025,"stat.useItem.minecraft.stone_slab2":15,"stat.pickup.minecraft.record_wait":9}