{"stat.flyOneCm":124765,"stat.walkOneCm":58814,"stat.drop":1,"stat.useItem.minecraft.torch":10,"stat.jump":397,"stat.playOneMinute":12595,"stat.fallOneCm":15756,"stat.pickup.minecraft.torch":10,"stat.useItem.minecraft.cooked_beef":8,"stat.sneakTime":33,"stat.drop.minecraft.cooked_beef":1,"stat.damageTaken":682,"stat.damageDealt":2485,"stat.crouchOneCm":246,"stat.mineBlock.minecraft.torch":10,"stat.timeSinceDeath":12595,"stat.mobKills":5,"stat.sprintOneCm":49880,"stat.useItem.minecraft.diamond_sword":40}