{"stat.pickup.minecraft.rotten_flesh":3,"stat.walkOneCm":23584,"stat.pickup.minecraft.bone":2,"stat.leaveGame":1,"stat.killEntity.Spider":1,"stat.killEntity.Husk":2,"stat.mobKills":9,"stat.useItem.minecraft.diamond_sword":18,"stat.pickup.minecraft.string":1,"stat.flyOneCm":10043,"stat.pickup.minecraft.bed":1,"stat.jump":31,"stat.playOneMinute":3094,"stat.killEntity.Witch":1,"stat.useItem.minecraft.cooked_beef":2,"stat.sneakTime":11,"stat.damageDealt":1330,"stat.crouchOneCm":131,"stat.killEntity.Zombie":2,"stat.sleepInBed":4,"stat.timeSinceDeath":3094,"stat.pickup.minecraft.spider_eye":1,"stat.sprintOneCm":5141,"stat.useItem.minecraft.stone_slab2":1}