{"stat.walkOneCm":18780,"stat.drop.creaturesfromdarkness.dream_spine":1,"stat.useItem.creaturesfromdarkness.dream_spine":9,"stat.leaveGame":2,"stat.pickup.creaturesfromdarkness.dream_spine":1,"stat.mobKills":8,"stat.useItem.minecraft.diamond_sword":49,"stat.flyOneCm":13862,"stat.drop":1,"stat.jump":36,"stat.playOneMinute":3704,"stat.sneakTime":23,"stat.killEntity.Villager":1,"stat.damageDealt":3858,"stat.crouchOneCm":54,"stat.timeSinceDeath":3704,"stat.sprintOneCm":2819,"stat.useItem.minecraft.spawn_egg":2,"stat.useItem.minecraft.stone_slab2":10}