{"stat.pickup.minecraft.rotten_flesh":4,"stat.flyOneCm":333819,"stat.walkOneCm":102934,"stat.drop":7,"stat.jump":746,"stat.playOneMinute":24097,"stat.drop.minecraft.rotten_flesh":4,"stat.leaveGame":1,"stat.sneakTime":191,"stat.drop.minecraft.gunpowder":3,"stat.damageDealt":1960,"stat.pickup.minecraft.gunpowder":4,"stat.crouchOneCm":609,"stat.timeSinceDeath":24097,"stat.killEntity.Enderman":1,"stat.sprintOneCm":154192,"stat.mobKills":39,"stat.useItem.minecraft.stone_slab2":50,"stat.useItem.minecraft.diamond_sword":52}