{"stat.pickup.minecraft.rotten_flesh":2,"stat.walkOneCm":36232,"stat.useItem.minecraft.torch":1,"stat.drop.minecraft.rotten_flesh":2,"stat.leaveGame":1,"stat.pickup.minecraft.arrow":2,"stat.damageTaken":4,"stat.mineBlock.minecraft.torch":1,"stat.mobKills":4,"stat.killEntity.Creeper":1,"stat.useItem.minecraft.diamond_sword":5,"stat.flyOneCm":81049,"stat.drop":4,"stat.jump":242,"stat.playOneMinute":8103,"stat.fallOneCm":5910,"stat.pickup.minecraft.torch":1,"stat.useItem.minecraft.cooked_beef":2,"stat.sneakTime":32,"stat.damageDealt":416,"stat.crouchOneCm":345,"stat.drop.minecraft.arrow":2,"stat.timeSinceDeath":8103,"stat.sprintOneCm":57831}