{
  "minecraft:husbandry/balanced_diet": {
    "criteria": {
      "cooked_beef": "2025-04-27 19:55:26 -0700",
      "rotten_flesh": "2025-04-27 19:55:00 -0700"
    },
    "done": false
  },
  "minecraft:husbandry/root": {
    "criteria": {
      "consumed_item": "2025-04-27 19:55:00 -0700"
    },
    "done": true
  },
  "minecraft:adventure/root": {
    "criteria": {
      "killed_something": "2025-04-27 19:57:04 -0700"
    },
    "done": true
  },
  "minecraft:adventure/adventuring_time": {
    "criteria": {
      "mushroom_island_shore": "2025-04-27 19:58:29 -0700",
      "mushroom_island": "2025-04-27 19:53:12 -0700"
    },
    "done": false
  }
}